// Generated by fdlib.tflite_export -- do not edit by hand.
// source: model.tflite  (23080 bytes)
// preprocess signature: 2574e6104c95
#pragma once
#include <cstdint>

alignas(16) const unsigned char g_model[] = {
  0x1c, 0x00, 0x00, 0x00, 0x54, 0x46, 0x4c, 0x33, 0x14, 0x00, 0x20, 0x00,
  0x1c, 0x00, 0x18, 0x00, 0x14, 0x00, 0x10, 0x00, 0x0c, 0x00, 0x00, 0x00,
  0x08, 0x00, 0x04, 0x00, 0x14, 0x00, 0x00, 0x00, 0x1c, 0x00, 0x00, 0x00,
  0x84, 0x00, 0x00, 0x00, 0xdc, 0x00, 0x00, 0x00, 0x28, 0x25, 0x00, 0x00,
  0x38, 0x25, 0x00, 0x00, 0x40, 0x59, 0x00, 0x00, 0x03, 0x00, 0x00, 0x00,
  0x01, 0x00, 0x00, 0x00, 0x04, 0x00, 0x00, 0x00, 0x06, 0xd7, 0xff, 0xff,
  0x0c, 0x00, 0x00, 0x00, 0x1c, 0x00, 0x00, 0x00, 0x3c, 0x00, 0x00, 0x00,
  0x0f, 0x00, 0x00, 0x00, 0x73, 0x65, 0x72, 0x76, 0x69, 0x6e, 0x67, 0x5f,
  0x64, 0x65, 0x66, 0x61, 0x75, 0x6c, 0x74, 0x00, 0x01, 0x00, 0x00, 0x00,
  0x04, 0x00, 0x00, 0x00, 0x98, 0xff, 0xff, 0xff, 0x26, 0x00, 0x00, 0x00,
  0x04, 0x00, 0x00, 0x00, 0x08, 0x00, 0x00, 0x00, 0x6f, 0x75, 0x74, 0x70,
  0x75, 0x74, 0x5f, 0x30, 0x00, 0x00, 0x00, 0x00, 0x01, 0x00, 0x00, 0x00,
  0x04, 0x00, 0x00, 0x00, 0x8a, 0xda, 0xff, 0xff, 0x04, 0x00, 0x00, 0x00,
  0x06, 0x00, 0x00, 0x00, 0x77, 0x69, 0x6e, 0x64, 0x6f, 0x77, 0x00, 0x00,
  0x02, 0x00, 0x00, 0x00, 0x34, 0x00, 0x00, 0x00, 0x04, 0x00, 0x00, 0x00,
  0xdc, 0xff, 0xff, 0xff, 0x29, 0x00, 0x00, 0x00, 0x04, 0x00, 0x00, 0x00,
  0x13, 0x00, 0x00, 0x00, 0x43, 0x4f, 0x4e, 0x56, 0x45, 0x52, 0x53, 0x49,
  0x4f, 0x4e, 0x5f, 0x4d, 0x45, 0x54, 0x41, 0x44, 0x41, 0x54, 0x41, 0x00,
  0x08, 0x00, 0x0c, 0x00, 0x08, 0x00, 0x04, 0x00, 0x08, 0x00, 0x00, 0x00,
  0x28, 0x00, 0x00, 0x00, 0x04, 0x00, 0x00, 0x00, 0x13, 0x00, 0x00, 0x00,
  0x6d, 0x69, 0x6e, 0x5f, 0x72, 0x75, 0x6e, 0x74, 0x69, 0x6d, 0x65, 0x5f,
  0x76, 0x65, 0x72, 0x73, 0x69, 0x6f, 0x6e, 0x00, 0x2a, 0x00, 0x00, 0x00,
  0x48, 0x24, 0x00, 0x00, 0x40, 0x24, 0x00, 0x00, 0x2c, 0x24, 0x00, 0x00,
  0x10, 0x24, 0x00, 0x00, 0xfc, 0x23, 0x00, 0x00, 0xe0, 0x23, 0x00, 0x00,
  0xc4, 0x23, 0x00, 0x00, 0xa8, 0x23, 0x00, 0x00, 0x8c, 0x23, 0x00, 0x00,
  0x1c, 0x23, 0x00, 0x00, 0x8c, 0x22, 0x00, 0x00, 0x7c, 0x1a, 0x00, 0x00,
  0x6c, 0x19, 0x00, 0x00, 0x5c, 0x0d, 0x00, 0x00, 0x8c, 0x0c, 0x00, 0x00,
  0xec, 0x0b, 0x00, 0x00, 0x1c, 0x0b, 0x00, 0x00, 0x8c, 0x06, 0x00, 0x00,
  0x1c, 0x06, 0x00, 0x00, 0x94, 0x05, 0x00, 0x00, 0x24, 0x05, 0x00, 0x00,
  0x24, 0x01, 0x00, 0x00, 0x1c, 0x01, 0x00, 0x00, 0x14, 0x01, 0x00, 0x00,
  0x0c, 0x01, 0x00, 0x00, 0x04, 0x01, 0x00, 0x00, 0xfc, 0x00, 0x00, 0x00,
  0xf4, 0x00, 0x00, 0x00, 0xec, 0x00, 0x00, 0x00, 0xe4, 0x00, 0x00, 0x00,
  0xdc, 0x00, 0x00, 0x00, 0xd4, 0x00, 0x00, 0x00, 0xcc, 0x00, 0x00, 0x00,
  0xc4, 0x00, 0x00, 0x00, 0xbc, 0x00, 0x00, 0x00, 0xb4, 0x00, 0x00, 0x00,
  0xac, 0x00, 0x00, 0x00, 0xa4, 0x00, 0x00, 0x00, 0x9c, 0x00, 0x00, 0x00,
  0x94, 0x00, 0x00, 0x00, 0x74, 0x00, 0x00, 0x00, 0x04, 0x00, 0x00, 0x00,
  0xa6, 0xdb, 0xff, 0xff, 0x04, 0x00, 0x00, 0x00, 0x60, 0x00, 0x00, 0x00,
  0x0c, 0x00, 0x00, 0x00, 0x08, 0x00, 0x0e, 0x00, 0x08, 0x00, 0x04, 0x00,
  0x08, 0x00, 0x00, 0x00, 0x10, 0x00, 0x00, 0x00, 0x28, 0x00, 0x00, 0x00,
  0x00, 0x00, 0x06, 0x00, 0x08, 0x00, 0x04, 0x00, 0x06, 0x00, 0x00, 0x00,
  0x04, 0x00, 0x00, 0x00, 0x01, 0x00, 0x00, 0x00, 0xeb, 0x03, 0x00, 0x00,
  0x0c, 0x00, 0x18, 0x00, 0x14, 0x00, 0x10, 0x00, 0x0c, 0x00, 0x04, 0x00,
  0x0c, 0x00, 0x00, 0x00, 0xc6, 0xd0, 0x61, 0x54, 0x69, 0x8f, 0x83, 0x1d,
  0x02, 0x00, 0x00, 0x00, 0x02, 0x00, 0x00, 0x00, 0x04, 0x00, 0x00, 0x00,
  0x06, 0x00, 0x00, 0x00, 0x32, 0x2e, 0x32, 0x30, 0x2e, 0x30, 0x00, 0x00,
  0x12, 0xdc, 0xff, 0xff, 0x04, 0x00, 0x00, 0x00, 0x10, 0x00, 0x00, 0x00,
  0x31, 0x2e, 0x31, 0x34, 0x2e, 0x30, 0x00, 0x00, 0x00, 0x00, 0x00, 0x00,
  0x00, 0x00, 0x00, 0x00, 0x8c, 0xa9, 0xff, 0xff, 0x90, 0xa9, 0xff, 0xff,
  0x94, 0xa9, 0xff, 0xff, 0x98, 0xa9, 0xff, 0xff, 0x9c, 0xa9, 0xff, 0xff,
  0xa0, 0xa9, 0xff, 0xff, 0xa4, 0xa9, 0xff, 0xff, 0xa8, 0xa9, 0xff, 0xff,
  0xac, 0xa9, 0xff, 0xff, 0xb0, 0xa9, 0xff, 0xff, 0xb4, 0xa9, 0xff, 0xff,
  0xb8, 0xa9, 0xff, 0xff, 0xbc, 0xa9, 0xff, 0xff, 0xc0, 0xa9, 0xff, 0xff,
  0xc4, 0xa9, 0xff, 0xff, 0xc8, 0xa9, 0xff, 0xff, 0xcc, 0xa9, 0xff, 0xff,
  0xd0, 0xa9, 0xff, 0xff, 0x76, 0xdc, 0xff, 0xff, 0x04, 0x00, 0x00, 0x00,
  0xf0, 0x03, 0x00, 0x00, 0xf4, 0xb9, 0x15, 0xf5, 0x0d, 0x0e, 0xd4, 0xa4,
  0xd2, 0xf2, 0x2d, 0xc4, 0x08, 0xd1, 0x81, 0xc5, 0xef, 0x0d, 0x2a, 0xeb,
  0x87, 0xfe, 0xcf, 0x3b, 0xf4, 0xd6, 0xfc, 0x11, 0x19, 0x09, 0xe5, 0xda,
  0x07, 0xd3, 0x1b, 0x07, 0x3c, 0x3d, 0xec, 0x0b, 0xea, 0xd7, 0x00, 0x15,
  0x19, 0x01, 0xdf, 0x20, 0x86, 0xf7, 0x09, 0xfe, 0x22, 0x0e, 0x81, 0x23,
  0xd7, 0x15, 0x1a, 0xfc, 0xef, 0xe9, 0xe8, 0xec, 0x16, 0xfa, 0xa4, 0xb9,
  0xc0, 0xcc, 0xfe, 0x21, 0xce, 0x21, 0x28, 0x1b, 0xe3, 0x08, 0xd1, 0xf6,
  0x43, 0x2d, 0x38, 0xd1, 0x45, 0x43, 0xff, 0xd1, 0x43, 0x03, 0x3a, 0xf7,
  0xf1, 0xf3, 0xf8, 0x21, 0x4b, 0xf7, 0x0b, 0xdc, 0xe8, 0x15, 0x59, 0x38,
  0xd6, 0xd3, 0x3a, 0x20, 0x7f, 0xf3, 0xf2, 0x1e, 0x28, 0x24, 0x48, 0xc2,
  0x1f, 0x06, 0x1d, 0x12, 0x35, 0xde, 0x12, 0xfc, 0x1d, 0x11, 0xa3, 0x65,
  0x29, 0x00, 0x5b, 0x04, 0x6e, 0x64, 0x31, 0xd5, 0xee, 0xe6, 0x2e, 0x0f,
  0x22, 0x06, 0xfe, 0xd9, 0x81, 0xf6, 0xe7, 0xf6, 0x0b, 0xc7, 0x45, 0xff,
  0x02, 0xf0, 0xd1, 0xf4, 0x2f, 0xee, 0x07, 0x20, 0x05, 0x1b, 0xce, 0xcb,
  0xbd, 0x02, 0xdb, 0xf9, 0xfb, 0x1f, 0x40, 0x1c, 0xea, 0xec, 0x05, 0xef,
  0x7f, 0x00, 0x01, 0x17, 0xf0, 0x02, 0x5d, 0x13, 0x0e, 0xfc, 0x10, 0x00,
  0xee, 0xf1, 0xf2, 0x10, 0x05, 0x00, 0x2f, 0x06, 0xf2, 0x08, 0x10, 0xfc,
  0xfb, 0xff, 0xf9, 0xf6, 0xea, 0xfc, 0xd9, 0xef, 0x10, 0xef, 0xcf, 0xa6,
  0x01, 0x0a, 0xd7, 0xba, 0x1a, 0x0c, 0x46, 0x35, 0x2a, 0x17, 0xd2, 0xc3,
  0x27, 0x1c, 0x34, 0x43, 0xc8, 0x8b, 0x16, 0x13, 0xfe, 0xc0, 0x2b, 0x38,
  0x67, 0xc3, 0xb5, 0xfe, 0xd0, 0x21, 0x7f, 0x2c, 0xfe, 0xd4, 0x2e, 0x4c,
  0x47, 0x5a, 0x29, 0xf5, 0xf6, 0xc5, 0xd3, 0x13, 0x00, 0x41, 0xe4, 0x34,
  0xcf, 0x2a, 0xce, 0xda, 0x31, 0x68, 0xed, 0x1b, 0xd2, 0x04, 0xf6, 0x5c,
  0x97, 0x09, 0xc6, 0x3f, 0xcd, 0x30, 0xe0, 0xeb, 0x01, 0x2f, 0xee, 0xe8,
  0x81, 0x1a, 0x02, 0xec, 0x11, 0xed, 0xc7, 0xf4, 0x3b, 0xa9, 0x0c, 0xb3,
  0x20, 0xd0, 0x1b, 0xe6, 0xd9, 0x2d, 0x28, 0x15, 0xe3, 0xe6, 0xc4, 0xa8,
  0xf2, 0xe7, 0xaa, 0xfe, 0x26, 0x13, 0x1f, 0x10, 0x1c, 0xd7, 0xe8, 0x28,
  0x6c, 0xb8, 0x51, 0x2b, 0xb7, 0xa5, 0xbe, 0xf4, 0xdc, 0x0f, 0x7f, 0x61,
  0x9d, 0x29, 0x16, 0xef, 0xe8, 0xcc, 0x3c, 0xe8, 0xe7, 0x2a, 0x47, 0xd6,
  0x33, 0x26, 0x29, 0xa6, 0x49, 0x46, 0xe9, 0x0b, 0xc8, 0x81, 0x2b, 0x39,
  0x5f, 0xf4, 0x00, 0x11, 0xbf, 0x4a, 0x28, 0xce, 0xb2, 0x35, 0xe0, 0xf6,
  0xe5, 0x2a, 0x34, 0x13, 0x03, 0x32, 0xc4, 0x1c, 0x03, 0x1b, 0xf1, 0x19,
  0xe3, 0x28, 0x04, 0xf4, 0x07, 0x31, 0xbc, 0x15, 0xe8, 0xf1, 0x24, 0x40,
  0xca, 0x32, 0x10, 0x07, 0x27, 0x7f, 0xf9, 0xbd, 0xe9, 0xf5, 0xcf, 0x5e,
  0x40, 0x21, 0x0e, 0xde, 0x28, 0x6c, 0x25, 0xf0, 0xf7, 0xf8, 0xe1, 0x75,
  0xcb, 0xc2, 0x01, 0xf1, 0x1b, 0x0d, 0x06, 0x18, 0xfa, 0xf8, 0x24, 0xde,
  0xf9, 0xec, 0x14, 0xd2, 0x45, 0xcb, 0x04, 0x42, 0x48, 0xbd, 0x7f, 0xdf,
  0xd6, 0x27, 0x1b, 0x99, 0x12, 0x0e, 0x1a, 0x22, 0xf1, 0x1e, 0x15, 0xa4,
  0x35, 0xff, 0xeb, 0xfa, 0x50, 0xb4, 0x0e, 0x08, 0xd1, 0xf5, 0xf7, 0x7a,
  0x36, 0xaf, 0x1c, 0x09, 0x03, 0x4d, 0xf8, 0xcc, 0x0f, 0x22, 0xea, 0x3a,
  0x09, 0xb4, 0xd1, 0xf2, 0x2b, 0x11, 0xd9, 0x23, 0xab, 0xee, 0xd8, 0x30,
  0xe7, 0xf5, 0x32, 0x12, 0x0a, 0x7f, 0xe8, 0xfb, 0x42, 0x24, 0x04, 0x1d,
  0x0d, 0xed, 0xf1, 0xe3, 0xe5, 0x19, 0xff, 0xba, 0xe6, 0x21, 0xfb, 0x03,
  0x16, 0xf0, 0xf7, 0x2c, 0x05, 0xd6, 0x19, 0x16, 0xf8, 0x01, 0x38, 0xfd,
  0xff, 0xe3, 0x0b, 0x59, 0xfd, 0x32, 0xfa, 0x10, 0x11, 0x1e, 0xe1, 0xf2,
  0x40, 0x30, 0xe5, 0x7f, 0x16, 0xb4, 0xe9, 0x19, 0xc0, 0x42, 0xda, 0x07,
  0x08, 0x12, 0x15, 0x03, 0x3f, 0xee, 0xff, 0xf7, 0x16, 0xd0, 0x1e, 0xe7,
  0x10, 0x0d, 0x13, 0xd6, 0xde, 0x2d, 0xc5, 0x81, 0x06, 0x37, 0xca, 0xe9,
  0xb0, 0xfb, 0xe0, 0xc3, 0xf7, 0x5f, 0xb2, 0xbd, 0x25, 0x87, 0x18, 0xf6,
  0xee, 0x1a, 0x09, 0x50, 0xa4, 0xd3, 0x2c, 0xe9, 0x1d, 0x17, 0xad, 0x0b,
  0x07, 0xb5, 0x1c, 0xc7, 0xba, 0x98, 0x4e, 0xc5, 0xec, 0xd2, 0xdf, 0x25,
  0x16, 0xf8, 0xe8, 0xeb, 0x47, 0xb3, 0x35, 0xb2, 0xf8, 0xc7, 0x1a, 0x14,
  0x23, 0x96, 0x0a, 0x81, 0xce, 0x28, 0xfe, 0xa7, 0x24, 0xaa, 0x33, 0x88,
  0x25, 0x38, 0x0d, 0x13, 0xec, 0x81, 0x2c, 0xde, 0xc9, 0xf7, 0xc2, 0x8e,
  0x06, 0x96, 0xc5, 0x04, 0xa2, 0xfb, 0x25, 0x23, 0x03, 0xbe, 0xdb, 0x36,
  0x08, 0xe3, 0x0d, 0x32, 0xfb, 0x53, 0xe1, 0xde, 0x1f, 0x34, 0x3a, 0x6a,
  0xa4, 0xe1, 0x3f, 0x26, 0xe5, 0x2a, 0xfd, 0xcc, 0xa1, 0x0a, 0x47, 0xe9,
  0x0c, 0x04, 0x01, 0xed, 0xcf, 0x0a, 0x05, 0xf8, 0x00, 0x54, 0x90, 0xe7,
  0x14, 0x1c, 0x81, 0xe8, 0x54, 0x8f, 0xf3, 0xfe, 0x06, 0xdb, 0xb3, 0x41,
  0xda, 0xc5, 0xe8, 0x40, 0xb0, 0x25, 0xe4, 0xf5, 0x24, 0x1c, 0xf2, 0x27,
  0x1a, 0xfd, 0x0c, 0x00, 0x04, 0x08, 0x31, 0xc5, 0xf4, 0x07, 0x20, 0x51,
  0x81, 0xf4, 0x27, 0xff, 0xee, 0xda, 0xe6, 0x28, 0x07, 0xf8, 0xe7, 0xa9,
  0x05, 0x6b, 0xd1, 0xe9, 0x19, 0xdb, 0xf9, 0x1b, 0xf0, 0xf3, 0xf1, 0x1f,
  0x36, 0xab, 0x0b, 0x15, 0x18, 0x50, 0xfb, 0x4b, 0x0a, 0xfd, 0x0f, 0xee,
  0xd9, 0x51, 0xea, 0xfa, 0xe4, 0x1e, 0x81, 0x21, 0xc8, 0xf8, 0x02, 0xc7,
  0xaf, 0x3c, 0xfa, 0xfe, 0x08, 0x1a, 0xce, 0x45, 0xe0, 0x0a, 0x0d, 0x12,
  0x23, 0xff, 0x5c, 0x1e, 0xf5, 0xcb, 0x22, 0xc1, 0x0d, 0xe3, 0x03, 0xf0,
  0xc8, 0x7f, 0x14, 0x07, 0xf5, 0xd1, 0xff, 0x0e, 0x16, 0x27, 0xf4, 0x00,
  0x08, 0x3a, 0x22, 0xcf, 0x55, 0x13, 0x1e, 0x63, 0x0f, 0x00, 0xcd, 0xd1,
  0xdc, 0x36, 0x1c, 0x0a, 0x1b, 0xf6, 0xdb, 0x6d, 0x47, 0x28, 0xef, 0x13,
  0x31, 0x20, 0xbc, 0xfe, 0xf6, 0xc9, 0xdd, 0xc9, 0xe2, 0x20, 0x03, 0x37,
  0x2f, 0x09, 0x04, 0x00, 0xb0, 0xf7, 0x16, 0x48, 0x0f, 0xd1, 0x09, 0xad,
  0xcb, 0xfc, 0xf5, 0x01, 0x7f, 0xdb, 0x2b, 0x16, 0x12, 0x3a, 0x1d, 0xea,
  0xe6, 0xad, 0x23, 0xef, 0xc5, 0x12, 0xb2, 0xf1, 0xca, 0x12, 0x15, 0x06,
  0xf2, 0xe0, 0x08, 0xf0, 0xf5, 0x21, 0xeb, 0x1a, 0x23, 0xec, 0xe7, 0xd8,
  0x08, 0x24, 0xf7, 0x47, 0xde, 0x81, 0x1c, 0x0d, 0x2e, 0x1a, 0x01, 0xd7,
  0x2e, 0x13, 0x13, 0x08, 0x08, 0x3c, 0x0f, 0xe1, 0x0b, 0xf0, 0x25, 0xf3,
  0x33, 0x0e, 0x05, 0x0e, 0x1a, 0xe4, 0x0c, 0xc2, 0x39, 0xdf, 0x34, 0xbc,
  0x21, 0xa5, 0x03, 0x2a, 0x0c, 0x2d, 0xb2, 0xa9, 0x0a, 0x37, 0x2c, 0x16,
  0x1c, 0xf1, 0xf1, 0xf0, 0x00, 0xcd, 0x10, 0xdd, 0x11, 0xc8, 0xae, 0xc9,
  0xcb, 0xdd, 0x0f, 0x81, 0xc9, 0xb3, 0xf8, 0xfa, 0x8f, 0xa4, 0x3f, 0x81,
  0xc8, 0xf6, 0xec, 0x06, 0xee, 0xd8, 0xbf, 0x53, 0x21, 0x09, 0x08, 0xbf,
  0xfa, 0xe4, 0xdd, 0xed, 0x0b, 0x97, 0xd0, 0x3e, 0xd1, 0x18, 0x30, 0xe3,
  0x09, 0x11, 0xf0, 0xe8, 0xf0, 0xe0, 0x63, 0xc5, 0xd4, 0xb5, 0xc4, 0xed,
  0xe2, 0x43, 0xea, 0xd5, 0x72, 0xe0, 0xff, 0xff, 0x04, 0x00, 0x00, 0x00,
  0x60, 0x00, 0x00, 0x00, 0xfb, 0x04, 0x00, 0x00, 0x53, 0xfa, 0xff, 0xff,
  0x68, 0xfa, 0xff, 0xff, 0x5c, 0x06, 0x00, 0x00, 0xdb, 0xfc, 0xff, 0xff,
  0xd3, 0x04, 0x00, 0x00, 0x43, 0xf0, 0xff, 0xff, 0x5d, 0x06, 0x00, 0x00,
  0x77, 0xff, 0xff, 0xff, 0x6d, 0x0b, 0x00, 0x00, 0x15, 0xfb, 0xff, 0xff,
  0xc7, 0x00, 0x00, 0x00, 0x17, 0xf7, 0xff, 0xff, 0x47, 0xfc, 0xff, 0xff,
  0xa4, 0x03, 0x00, 0x00, 0x21, 0xff, 0xff, 0xff, 0x0d, 0x03, 0x00, 0x00,
  0x10, 0xff, 0xff, 0xff, 0x7c, 0x00, 0x00, 0x00, 0x5f, 0xfe, 0xff, 0xff,
  0x20, 0x03, 0x00, 0x00, 0x0b, 0x05, 0x00, 0x00, 0xc6, 0x05, 0x00, 0x00,
  0xeb, 0x05, 0x00, 0x00, 0xde, 0xe0, 0xff, 0xff, 0x04, 0x00, 0x00, 0x00,
  0x78, 0x00, 0x00, 0x00, 0xe6, 0x22, 0x6f, 0x40, 0x7f, 0x2c, 0x28, 0x9f,
  0x7f, 0x2c, 0x81, 0x91, 0x02, 0x75, 0x8e, 0x4e, 0xce, 0x7f, 0x7f, 0xd1,
  0x64, 0xe3, 0xb5, 0xa8, 0x13, 0x0f, 0xe3, 0x7f, 0x5c, 0x69, 0x27, 0x7f,
  0xa7, 0xfb, 0x16, 0xf7, 0x3c, 0xda, 0x81, 0x37, 0xc5, 0x6e, 0xd1, 0xff,
  0x0f, 0x12, 0xd9, 0xab, 0xee, 0x7f, 0x7f, 0x88, 0x40, 0x01, 0x95, 0xd7,
  0x5e, 0x5c, 0x0a, 0x81, 0x7f, 0x81, 0x38, 0x1f, 0xf3, 0x65, 0x7d, 0x81,
  0x36, 0x1d, 0xb9, 0x7f, 0x6a, 0xf7, 0x30, 0x63, 0xe3, 0x7f, 0xb4, 0xf3,
  0x58, 0xb4, 0x4d, 0x6e, 0xbf, 0xae, 0x56, 0x7f, 0xe5, 0x4d, 0x1b, 0x1d,
  0x81, 0xbd, 0x7f, 0x9a, 0x7f, 0xc4, 0x98, 0x12, 0xc4, 0x97, 0x81, 0x0d,
  0x24, 0x81, 0x5d, 0xef, 0x09, 0xc1, 0x2f, 0x41, 0x7f, 0xc5, 0xc4, 0x18,
  0xec, 0x7f, 0xf2, 0x03, 0x62, 0xe1, 0xff, 0xff, 0x04, 0x00, 0x00, 0x00,
  0x60, 0x00, 0x00, 0x00, 0x00, 0x00, 0x00, 0x00, 0x00, 0x00, 0x00, 0x00,
  0x00, 0x00, 0x00, 0x00, 0x00, 0x00, 0x00, 0x00, 0x00, 0x00, 0x00, 0x00,
  0x00, 0x00, 0x00, 0x00, 0x00, 0x00, 0x00, 0x00, 0x00, 0x00, 0x00, 0x00,
  0x00, 0x00, 0x00, 0x00, 0x00, 0x00, 0x00, 0x00, 0x00, 0x00, 0x00, 0x00,
  0x00, 0x00, 0x00, 0x00, 0x00, 0x00, 0x00, 0x00, 0x00, 0x00, 0x00, 0x00,
  0x00, 0x00, 0x00, 0x00, 0x00, 0x00, 0x00, 0x00, 0x00, 0x00, 0x00, 0x00,
  0x00, 0x00, 0x00, 0x00, 0x00, 0x00, 0x00, 0x00, 0x00, 0x00, 0x00, 0x00,
  0x00, 0x00, 0x00, 0x00, 0x00, 0x00, 0x00, 0x00, 0x00, 0x00, 0x00, 0x00,
  0x00, 0x00, 0x00, 0x00, 0xce, 0xe1, 0xff, 0xff, 0x04, 0x00, 0x00, 0x00,
  0x80, 0x04, 0x00, 0x00, 0xf5, 0x32, 0x50, 0xda, 0xe2, 0x0b, 0xd1, 0x1c,
  0xe6, 0xb0, 0x02, 0xd3, 0x51, 0xd3, 0xd1, 0xe7, 0x75, 0x81, 0x2a, 0xf5,
  0xbe, 0x35, 0x76, 0x0d, 0xfc, 0x01, 0x2c, 0xec, 0xeb, 0xd3, 0xce, 0xff,
  0xf4, 0xeb, 0x53, 0xe7, 0xa4, 0x9b, 0x81, 0xc2, 0xde, 0xf5, 0x56, 0x36,
  0xb8, 0x16, 0xfb, 0xe0, 0x57, 0x81, 0x9a, 0x10, 0xed, 0x98, 0xd9, 0xe1,
  0xf6, 0xb6, 0x5b, 0x04, 0xa4, 0x37, 0x43, 0x15, 0x5a, 0xa8, 0xed, 0x4b,
  0xe9, 0x46, 0xfe, 0x18, 0x17, 0x09, 0x81, 0xf8, 0xe2, 0xa4, 0xf9, 0x09,
  0x37, 0xb5, 0x9d, 0x9c, 0x10, 0xbb, 0xd1, 0xe7, 0xb1, 0xc4, 0x5d, 0x13,
  0x14, 0xb1, 0xf0, 0x6f, 0xef, 0xcb, 0xe8, 0xfa, 0xe7, 0x10, 0x19, 0xfa,
  0xf4, 0xf0, 0x15, 0x2d, 0xf0, 0xe5, 0x36, 0x08, 0x24, 0x81, 0xea, 0x03,
  0xd1, 0xfb, 0x00, 0x24, 0xd6, 0xf5, 0x2f, 0x3b, 0x4c, 0x67, 0x5d, 0xd1,
  0xc1, 0x0c, 0xb4, 0xd2, 0xa3, 0x7f, 0x27, 0x9f, 0xdb, 0xe0, 0xf3, 0x3d,
  0x16, 0xd4, 0x01, 0x2e, 0xe1, 0xd9, 0x25, 0xb9, 0x67, 0x65, 0xc1, 0xd7,
  0x27, 0xbb, 0xfb, 0xd6, 0x1f, 0xa2, 0x9e, 0x22, 0x32, 0x81, 0xcd, 0xfb,
  0xc7, 0x38, 0x2b, 0x35, 0xc6, 0x7f, 0x86, 0x04, 0xc8, 0xcf, 0x74, 0x0e,
  0x9a, 0x28, 0xf2, 0x47, 0x66, 0xe3, 0xe9, 0x4b, 0x5c, 0xa0, 0xc0, 0x23,
  0xff, 0x69, 0x0d, 0xd1, 0xf5, 0x20, 0x4a, 0x16, 0xe2, 0x1e, 0x7a, 0x98,
  0xae, 0x79, 0xea, 0x33, 0x2c, 0xdf, 0x2d, 0xfe, 0xc9, 0x0a, 0xf3, 0xcd,
  0xc8, 0xf2, 0x34, 0x81, 0x24, 0xa7, 0x7e, 0xff, 0xfa, 0xba, 0xe7, 0x2b,
  0xc9, 0xbd, 0x7f, 0x37, 0x23, 0xa5, 0xbf, 0x27, 0x12, 0x0e, 0x26, 0x11,
  0xda, 0x4a, 0xd8, 0xa2, 0xee, 0x03, 0xc1, 0x03, 0x15, 0xad, 0x2a, 0x31,
  0xeb, 0xf6, 0xb5, 0x0e, 0x0e, 0x34, 0xa3, 0x0a, 0x28, 0xf6, 0x12, 0x2a,
  0xf0, 0xf7, 0x03, 0x7f, 0x40, 0x36, 0x02, 0x81, 0x15, 0x30, 0xf3, 0x55,
  0xf6, 0xdd, 0xe4, 0xf1, 0x41, 0x40, 0x30, 0xee, 0x25, 0xe3, 0x0f, 0xf5,
  0xc0, 0xde, 0x1d, 0x15, 0x08, 0x12, 0x5d, 0xd5, 0x56, 0x90, 0xaa, 0xff,
  0xfc, 0x7f, 0xc8, 0x04, 0xbf, 0xc1, 0x8e, 0x69, 0x1c, 0xc3, 0x48, 0xa6,
  0x4a, 0x05, 0x23, 0xd8, 0xae, 0x57, 0x3c, 0xbd, 0x3d, 0x3c, 0x49, 0xfd,
  0x12, 0x31, 0xae, 0xcd, 0x7f, 0x23, 0xc3, 0x17, 0xaa, 0x19, 0x28, 0x30,
  0x6c, 0x1f, 0xda, 0x0e, 0xd7, 0x08, 0xf5, 0xd3, 0x18, 0x09, 0xe0, 0xe0,
  0x4b, 0xaa, 0x78, 0x51, 0x57, 0x01, 0x2a, 0x13, 0x05, 0x29, 0x81, 0xbb,
  0xba, 0x77, 0xa8, 0xce, 0xe1, 0xd4, 0x2f, 0x1f, 0xef, 0xc1, 0x22, 0x81,
  0x23, 0x0f, 0x24, 0x0d, 0xe0, 0x35, 0xd4, 0xbc, 0x09, 0x10, 0xf5, 0xb5,
  0xad, 0xe9, 0x07, 0xe0, 0xc0, 0x0e, 0x27, 0x81, 0x0e, 0x27, 0xd6, 0x10,
  0xa9, 0x4f, 0xe7, 0xd5, 0x27, 0x42, 0x15, 0xf2, 0xff, 0x09, 0xf5, 0x36,
  0x08, 0x0d, 0xa1, 0x14, 0x4c, 0x5d, 0xbe, 0x90, 0x3d, 0xec, 0x46, 0x0c,
  0x31, 0x47, 0x21, 0x92, 0x3e, 0x33, 0xdf, 0x81, 0x26, 0xdc, 0xb2, 0x14,
  0x89, 0x04, 0xa7, 0x03, 0xb1, 0x1e, 0x0e, 0x01, 0xba, 0x16, 0x16, 0x07,
  0xef, 0x4b, 0xea, 0x30, 0x09, 0x1a, 0xa9, 0x81, 0x51, 0x10, 0x0e, 0x53,
  0x02, 0x01, 0x93, 0x2b, 0xa3, 0xf2, 0xcc, 0xf1, 0xe9, 0x04, 0xf6, 0xd8,
  0x14, 0xb2, 0x81, 0xf6, 0x37, 0x5b, 0xed, 0xb9, 0x1f, 0xef, 0x22, 0xe7,
  0x21, 0x05, 0xea, 0x17, 0x04, 0xf7, 0xef, 0x9a, 0x81, 0x0e, 0x0b, 0xed,
  0xc5, 0x18, 0x41, 0x58, 0x37, 0x08, 0x1e, 0x3d, 0xe8, 0xc3, 0x09, 0xc5,
  0x1d, 0x73, 0x1c, 0x15, 0x68, 0x3f, 0xa3, 0xc1, 0x35, 0x2a, 0xa0, 0xd2,
  0x8f, 0x81, 0x10, 0x60, 0xdc, 0xd8, 0xfc, 0x34, 0x1d, 0xcb, 0xdf, 0x9b,
  0xe0, 0x1a, 0x0d, 0xb6, 0xe3, 0x33, 0x08, 0x7f, 0x5e, 0x0a, 0xc6, 0xc4,
  0x2c, 0xdc, 0xfe, 0xd4, 0x21, 0xc6, 0x18, 0xc1, 0xcf, 0x3a, 0xcf, 0x5a,
  0xf6, 0xd7, 0xe4, 0xc4, 0xb9, 0xf0, 0xf8, 0x1b, 0x81, 0x1b, 0x04, 0xa7,
  0x59, 0xfd, 0x3f, 0xe6, 0x2c, 0x85, 0x15, 0x21, 0xe1, 0x6c, 0xc3, 0x02,
  0xec, 0xd3, 0x41, 0x16, 0x64, 0x20, 0x38, 0x9f, 0x27, 0x3d, 0xe8, 0x2a,
  0xf0, 0x72, 0x22, 0x36, 0x0c, 0xf0, 0x40, 0x7f, 0xe2, 0xa6, 0x44, 0xf1,
  0xd0, 0x35, 0xa4, 0xd2, 0x52, 0xb7, 0xff, 0x3f, 0x76, 0x24, 0x37, 0xd2,
  0xf0, 0x7f, 0x33, 0xaf, 0x3f, 0xd6, 0xee, 0x19, 0xfc, 0xae, 0x90, 0x9a,
  0xbb, 0xd5, 0xbe, 0xf9, 0x41, 0xc8, 0xef, 0xf4, 0xcf, 0xeb, 0xd7, 0x21,
  0xde, 0x19, 0xfc, 0x1f, 0xef, 0xe7, 0xda, 0xff, 0xbd, 0xee, 0x81, 0x4c,
  0xf2, 0x0a, 0xfe, 0x31, 0xd8, 0x17, 0x2e, 0x11, 0x71, 0xa4, 0xc1, 0xed,
  0x69, 0xf9, 0x76, 0xe4, 0x4b, 0x13, 0x1f, 0xf4, 0xd5, 0x05, 0x2a, 0xdb,
  0x36, 0xdf, 0x02, 0x7f, 0xf0, 0x4d, 0xb3, 0x9a, 0x33, 0xe7, 0x5e, 0x7f,
  0xd8, 0xf2, 0x2e, 0x12, 0x49, 0xd1, 0x1c, 0xa7, 0xde, 0xbb, 0xe1, 0x42,
  0x84, 0xd5, 0x17, 0x2a, 0x19, 0xb5, 0x55, 0xf4, 0xbb, 0x81, 0x3f, 0x16,
  0x1d, 0x16, 0x94, 0x1b, 0x31, 0x5a, 0x0c, 0x09, 0xcb, 0xce, 0xf1, 0xa3,
  0x33, 0xec, 0xa4, 0xa1, 0xd7, 0x5d, 0x38, 0x15, 0xcd, 0x1c, 0xee, 0x00,
  0x7f, 0x01, 0xf4, 0x31, 0xfa, 0xd1, 0x82, 0x7b, 0xeb, 0x46, 0x5b, 0x43,
  0x6c, 0x2d, 0x01, 0xd8, 0x57, 0xdc, 0xdb, 0x53, 0x0b, 0xef, 0x7f, 0x04,
  0xbd, 0xda, 0xeb, 0x18, 0x36, 0xd5, 0x43, 0xe3, 0xd9, 0xf4, 0x1f, 0x24,
  0x8b, 0xe0, 0xbc, 0x19, 0xb4, 0xa6, 0x00, 0x27, 0xc6, 0x4f, 0xd4, 0x4c,
  0x04, 0x29, 0xf8, 0x81, 0x76, 0x98, 0x08, 0xb2, 0x9f, 0x02, 0x5d, 0x82,
  0x18, 0xc6, 0x9b, 0xb8, 0xaf, 0x3e, 0x35, 0xc8, 0x94, 0xc8, 0x5d, 0x37,
  0xd0, 0xcf, 0x9a, 0xd5, 0x2f, 0x3d, 0x13, 0x16, 0x08, 0x81, 0xb9, 0xfe,
  0x6c, 0x81, 0xa3, 0x95, 0x03, 0xa8, 0x7f, 0xfc, 0x1d, 0xd7, 0x83, 0xeb,
  0x4d, 0x24, 0x1f, 0x2d, 0xa4, 0xb9, 0xe7, 0x95, 0xe6, 0xe3, 0x4c, 0xe3,
  0xf8, 0x04, 0x41, 0xe8, 0x0c, 0x5a, 0xff, 0x57, 0xd7, 0xf9, 0xc5, 0x0a,
  0x0f, 0x07, 0xde, 0xff, 0x27, 0xec, 0xf7, 0xb8, 0x11, 0xa8, 0xef, 0x6f,
  0x7f, 0xe5, 0x91, 0xde, 0xcb, 0xe6, 0x09, 0x0b, 0x03, 0x09, 0xd6, 0x1f,
  0xe1, 0x24, 0xfb, 0xfd, 0xda, 0x06, 0x43, 0xe4, 0x05, 0x20, 0x3c, 0xf7,
  0x1a, 0x81, 0xf9, 0x5c, 0x00, 0x42, 0xb7, 0x02, 0x07, 0x5d, 0x7f, 0x1d,
  0x35, 0x3a, 0x4b, 0x74, 0xed, 0x10, 0x02, 0x08, 0x70, 0xed, 0x36, 0xff,
  0x04, 0xa7, 0xa5, 0x95, 0x1d, 0x15, 0xed, 0x27, 0x0e, 0x18, 0x36, 0x06,
  0xff, 0x7f, 0x38, 0xc4, 0x28, 0xe8, 0x00, 0xef, 0x01, 0xf9, 0x12, 0x04,
  0xf5, 0x19, 0xd6, 0xfc, 0x00, 0xd2, 0xec, 0xca, 0x17, 0xec, 0xe1, 0x37,
  0x12, 0xe3, 0xf5, 0x3c, 0xd4, 0x0f, 0xbf, 0x24, 0x46, 0xfb, 0xf5, 0x1b,
  0x16, 0x7f, 0x6d, 0x3e, 0xd7, 0x2c, 0x2d, 0xe2, 0xc3, 0x3b, 0xda, 0x1e,
  0xca, 0xa6, 0x81, 0xd6, 0x86, 0x39, 0xf3, 0x64, 0x0c, 0x97, 0xaa, 0x35,
  0x2f, 0x13, 0x1b, 0xc2, 0xc6, 0xd4, 0xc1, 0x50, 0x13, 0x07, 0x48, 0xc6,
  0xce, 0xc8, 0x36, 0xc0, 0xe2, 0xf2, 0x14, 0x05, 0x4d, 0xe5, 0x7f, 0xe2,
  0xfa, 0xe4, 0xfa, 0x3b, 0x35, 0x2e, 0x7e, 0x2a, 0xc7, 0x33, 0x11, 0xd7,
  0xc2, 0xec, 0x13, 0x81, 0x34, 0x2d, 0xdb, 0x16, 0xaf, 0xf0, 0xee, 0x47,
  0xe7, 0xfc, 0x27, 0x30, 0xb6, 0xb7, 0x24, 0xd1, 0xfa, 0x25, 0x1a, 0xfe,
  0x29, 0xff, 0xe9, 0x81, 0x14, 0x5e, 0x0e, 0xb5, 0xfb, 0x2e, 0x45, 0xd2,
  0xda, 0xef, 0x23, 0x00, 0xbe, 0xd9, 0xb7, 0xc0, 0x0e, 0x07, 0x34, 0xb6,
  0xd9, 0x1d, 0x1d, 0xb2, 0x2f, 0x30, 0x0b, 0x07, 0xf0, 0x28, 0xe8, 0xfc,
  0x7f, 0xec, 0xe2, 0x1f, 0x01, 0xab, 0xe9, 0x1f, 0xf2, 0xf5, 0x58, 0x7f,
  0xf3, 0x56, 0xb0, 0x39, 0xd2, 0xfb, 0x13, 0xc2, 0x54, 0xf3, 0x09, 0xfe,
  0xe2, 0xe3, 0xee, 0x36, 0x06, 0x59, 0x28, 0x7a, 0xd4, 0x28, 0xe9, 0xe7,
  0x29, 0x81, 0x02, 0xd6, 0xf7, 0xdc, 0x13, 0xbe, 0xde, 0x27, 0x4f, 0xc9,
  0xe0, 0x09, 0x1d, 0xfe, 0xac, 0x24, 0xe8, 0x3e, 0xee, 0x33, 0x4f, 0xdf,
  0xc2, 0xbd, 0xf9, 0x41, 0xcb, 0x53, 0xe9, 0x2c, 0x81, 0x1b, 0x24, 0xc3,
  0xc6, 0x39, 0x0e, 0x0b, 0x5a, 0xe6, 0xff, 0xff, 0x04, 0x00, 0x00, 0x00,
  0xc0, 0x00, 0x00, 0x00, 0x15, 0x03, 0x00, 0x00, 0xb5, 0xfa, 0xff, 0xff,
  0xe4, 0x09, 0x00, 0x00, 0xa9, 0x04, 0x00, 0x00, 0x1c, 0x0a, 0x00, 0x00,
  0x0b, 0x07, 0x00, 0x00, 0xed, 0xf8, 0xff, 0xff, 0xc4, 0x0b, 0x00, 0x00,
  0x41, 0x00, 0x00, 0x00, 0xbb, 0xf6, 0xff, 0xff, 0xc4, 0x09, 0x00, 0x00,
  0xf8, 0x06, 0x00, 0x00, 0x1c, 0xfb, 0xff, 0xff, 0x8c, 0xfa, 0xff, 0xff,
  0x37, 0xf5, 0xff, 0xff, 0xe1, 0x04, 0x00, 0x00, 0xa1, 0x08, 0x00, 0x00,
  0x18, 0x09, 0x00, 0x00, 0x8f, 0x11, 0x00, 0x00, 0xf7, 0x06, 0x00, 0x00,
  0x01, 0x01, 0x00, 0x00, 0xa2, 0xee, 0xff, 0xff, 0x52, 0xf1, 0xff, 0xff,
  0x33, 0xf9, 0xff, 0xff, 0x35, 0xfb, 0xff, 0xff, 0x27, 0xf4, 0xff, 0xff,
  0xc0, 0x02, 0x00, 0x00, 0x1c, 0xfa, 0xff, 0xff, 0x57, 0x11, 0x00, 0x00,
  0x19, 0x02, 0x00, 0x00, 0x94, 0xeb, 0xff, 0xff, 0x6a, 0x00, 0x00, 0x00,
  0x77, 0xf6, 0xff, 0xff, 0xb8, 0x0a, 0x00, 0x00, 0xba, 0x00, 0x00, 0x00,
  0x7a, 0x00, 0x00, 0x00, 0x8a, 0x07, 0x00, 0x00, 0x91, 0xff, 0xff, 0xff,
  0x5f, 0xfb, 0xff, 0xff, 0xd6, 0x03, 0x00, 0x00, 0xc1, 0x02, 0x00, 0x00,
  0xc3, 0xfc, 0xff, 0xff, 0x11, 0xf9, 0xff, 0xff, 0xba, 0x01, 0x00, 0x00,
  0xb7, 0x08, 0x00, 0x00, 0x49, 0x0e, 0x00, 0x00, 0x9e, 0xee, 0xff, 0xff,
  0x15, 0xff, 0xff, 0xff, 0x26, 0xe7, 0xff, 0xff, 0x04, 0x00, 0x00, 0x00,
  0x90, 0x00, 0x00, 0x00, 0xee, 0x5d, 0x0a, 0xa8, 0x81, 0x0d, 0x4a, 0x26,
  0x3b, 0x64, 0xd4, 0xd3, 0x19, 0x81, 0xb7, 0x31, 0xd0, 0x1e, 0x7f, 0xc5,
  0x81, 0x81, 0x75, 0xd5, 0x31, 0xe7, 0x60, 0x7f, 0x7f, 0x7f, 0x81, 0xd1,
  0x81, 0x81, 0x7f, 0x7f, 0x81, 0x88, 0x04, 0x43, 0x0d, 0xfc, 0x81, 0x7f,
  0xff, 0x17, 0x81, 0xda, 0x24, 0x7f, 0xfd, 0x08, 0xb9, 0xa1, 0x04, 0x09,
  0x4a, 0x52, 0x81, 0x61, 0x7f, 0x45, 0x41, 0x3c, 0x81, 0xcf, 0x2a, 0xa7,
  0xd6, 0x8f, 0xc3, 0x81, 0x81, 0x9a, 0x7f, 0x22, 0x34, 0xc5, 0xa3, 0x81,
  0x58, 0x06, 0x20, 0x2d, 0x9d, 0x2f, 0x39, 0x7f, 0x4d, 0x81, 0xa7, 0xcd,
  0xa8, 0xe2, 0xf6, 0x81, 0x7f, 0x5b, 0x7f, 0x81, 0xfb, 0x81, 0x7f, 0x81,
  0x7f, 0x81, 0xf8, 0x7f, 0x0d, 0x06, 0x7f, 0x7f, 0xce, 0x7f, 0x89, 0x81,
  0x95, 0xc8, 0x81, 0xb3, 0xf5, 0x81, 0x8f, 0xf7, 0x4a, 0x23, 0xb5, 0xee,
  0x16, 0xc5, 0x91, 0x60, 0xdb, 0x7f, 0x7f, 0x4e, 0x7f, 0xe8, 0xfc, 0x13,
  0x81, 0x7f, 0x40, 0xaa, 0xc2, 0xe7, 0xff, 0xff, 0x04, 0x00, 0x00, 0x00,
  0xc0, 0x00, 0x00, 0x00, 0x00, 0x00, 0x00, 0x00, 0x00, 0x00, 0x00, 0x00,
  0x00, 0x00, 0x00, 0x00, 0x00, 0x00, 0x00, 0x00, 0x00, 0x00, 0x00, 0x00,
  0x00, 0x00, 0x00, 0x00, 0x00, 0x00, 0x00, 0x00, 0x00, 0x00, 0x00, 0x00,
  0x00, 0x00, 0x00, 0x00, 0x00, 0x00, 0x00, 0x00, 0x00, 0x00, 0x00, 0x00,
  0x00, 0x00, 0x00, 0x00, 0x00, 0x00, 0x00, 0x00, 0x00, 0x00, 0x00, 0x00,
  0x00, 0x00, 0x00, 0x00, 0x00, 0x00, 0x00, 0x00, 0x00, 0x00, 0x00, 0x00,
  0x00, 0x00, 0x00, 0x00, 0x00, 0x00, 0x00, 0x00, 0x00, 0x00, 0x00, 0x00,
  0x00, 0x00, 0x00, 0x00, 0x00, 0x00, 0x00, 0x00, 0x00, 0x00, 0x00, 0x00,
  0x00, 0x00, 0x00, 0x00, 0x00, 0x00, 0x00, 0x00, 0x00, 0x00, 0x00, 0x00,
  0x00, 0x00, 0x00, 0x00, 0x00, 0x00, 0x00, 0x00, 0x00, 0x00, 0x00, 0x00,
  0x00, 0x00, 0x00, 0x00, 0x00, 0x00, 0x00, 0x00, 0x00, 0x00, 0x00, 0x00,
  0x00, 0x00, 0x00, 0x00, 0x00, 0x00, 0x00, 0x00, 0x00, 0x00, 0x00, 0x00,
  0x00, 0x00, 0x00, 0x00, 0x00, 0x00, 0x00, 0x00, 0x00, 0x00, 0x00, 0x00,
  0x00, 0x00, 0x00, 0x00, 0x00, 0x00, 0x00, 0x00, 0x00, 0x00, 0x00, 0x00,
  0x00, 0x00, 0x00, 0x00, 0x00, 0x00, 0x00, 0x00, 0x00, 0x00, 0x00, 0x00,
  0x00, 0x00, 0x00, 0x00, 0x00, 0x00, 0x00, 0x00, 0x00, 0x00, 0x00, 0x00,
  0x00, 0x00, 0x00, 0x00, 0x8e, 0xe8, 0xff, 0xff, 0x04, 0x00, 0x00, 0x00,
  0x00, 0x0c, 0x00, 0x00, 0xea, 0xe3, 0x16, 0xbf, 0x16, 0x0a, 0x81, 0x19,
  0xde, 0xc6, 0xc0, 0xeb, 0xfc, 0xfa, 0x1b, 0x45, 0xfe, 0xe2, 0x35, 0x13,
  0x46, 0x44, 0x42, 0x49, 0xe6, 0xc1, 0x33, 0x52, 0x85, 0x31, 0xd9, 0x06,
  0xc0, 0x46, 0x3d, 0xe1, 0x37, 0x1c, 0x26, 0xeb, 0x14, 0xfb, 0x3e, 0x06,
  0xbf, 0xd8, 0x18, 0x81, 0xda, 0xf2, 0x04, 0xc9, 0x0d, 0xeb, 0x0e, 0x5f,
  0x08, 0xe7, 0xd5, 0xed, 0x0d, 0x81, 0xf1, 0x07, 0xc0, 0xa9, 0x34, 0x1a,
  0xe2, 0x07, 0x40, 0x11, 0x28, 0xf9, 0x9a, 0x1b, 0xf1, 0x4f, 0x02, 0x19,
  0xeb, 0x03, 0x3e, 0x18, 0x0e, 0xef, 0xbb, 0x33, 0x09, 0x46, 0x42, 0x2f,
  0x0a, 0xa1, 0x06, 0xb2, 0xb8, 0xae, 0x96, 0x3e, 0x20, 0xe7, 0xe6, 0x76,
  0x81, 0x2f, 0xcf, 0xd5, 0xe3, 0x84, 0x42, 0x06, 0x58, 0x2d, 0x3b, 0x0c,
  0x19, 0xae, 0x1b, 0x04, 0x50, 0x5f, 0xf1, 0x1c, 0x1a, 0xef, 0xdb, 0x40,
  0xd6, 0xe9, 0x36, 0xf6, 0xe4, 0xbc, 0x1c, 0xbd, 0x10, 0x23, 0x28, 0x00,
  0x07, 0xe9, 0xc9, 0x43, 0x0c, 0x33, 0x9a, 0xe3, 0x1f, 0xdb, 0x30, 0xfe,
  0x44, 0xe9, 0xcc, 0x11, 0x6f, 0x24, 0x01, 0xe3, 0x38, 0x18, 0xc3, 0x90,
  0xc9, 0x04, 0xf6, 0x02, 0xd0, 0x07, 0x0e, 0x28, 0xc5, 0x1f, 0x0c, 0xf3,
  0x81, 0x48, 0x0b, 0x35, 0xd4, 0x21, 0x47, 0xea, 0x49, 0x2a, 0x07, 0xd1,
  0x50, 0xfd, 0xbf, 0xfd, 0x01, 0x81, 0xd3, 0xe5, 0x28, 0x5b, 0xaa, 0x37,
  0x04, 0xda, 0xcb, 0x54, 0x26, 0x0d, 0x8d, 0x69, 0xcf, 0x3d, 0x10, 0x3d,
  0x48, 0x11, 0x21, 0xf6, 0x2e, 0xe1, 0x9b, 0xd7, 0x28, 0xde, 0x0c, 0xc6,
  0x43, 0xdb, 0xe0, 0x1d, 0x10, 0xc0, 0x09, 0xcc, 0xee, 0x97, 0x99, 0xf6,
  0xa3, 0x11, 0x18, 0xd1, 0x50, 0x1e, 0xed, 0x27, 0x21, 0xf9, 0x3f, 0x32,
  0x0c, 0xea, 0x2e, 0xfe, 0x18, 0x67, 0xf3, 0xfe, 0x44, 0x3c, 0xce, 0xd9,
  0x0e, 0xff, 0x1a, 0x27, 0xef, 0xf5, 0xeb, 0xe2, 0x9b, 0xa7, 0x28, 0xc4,
  0x3c, 0x25, 0x10, 0xb1, 0xf7, 0x3b, 0x0f, 0x37, 0xe3, 0x15, 0x7f, 0xe5,
  0xba, 0xb1, 0xfc, 0x2f, 0x17, 0x94, 0x27, 0x09, 0xf4, 0xe2, 0xa9, 0xc8,
  0xe1, 0x1c, 0xe9, 0x03, 0x4d, 0x06, 0x81, 0x4e, 0x34, 0x55, 0x4f, 0x57,
  0x1f, 0x3a, 0xbc, 0x5a, 0x1d, 0x37, 0xb6, 0x1f, 0xf6, 0xe0, 0x15, 0xc4,
  0x4a, 0xcd, 0xeb, 0xe6, 0xb5, 0x5d, 0xed, 0x24, 0x05, 0xb8, 0x4d, 0xe7,
  0xe3, 0xa9, 0xb9, 0xab, 0x1d, 0xb6, 0x05, 0x65, 0x58, 0x72, 0xcc, 0x1f,
  0xcf, 0xa6, 0xcd, 0xf4, 0x01, 0x06, 0xcc, 0x3f, 0xd9, 0x49, 0xf0, 0x34,
  0x4e, 0x01, 0x0d, 0xe2, 0xb7, 0x54, 0xf5, 0xfb, 0x64, 0xa9, 0x8f, 0xa0,
  0x6c, 0x23, 0x18, 0x10, 0x81, 0x67, 0x9a, 0x21, 0xe6, 0xf3, 0x3a, 0x19,
  0x02, 0x2c, 0xea, 0xdb, 0xec, 0xfa, 0x8f, 0x1c, 0x41, 0x93, 0xfe, 0x72,
  0x1f, 0xb6, 0x18, 0xc6, 0xde, 0xc6, 0x04, 0x51, 0xbe, 0x27, 0x02, 0xe2,
  0x30, 0x2e, 0x19, 0x74, 0x00, 0x56, 0x73, 0x0d, 0xe1, 0x84, 0x6f, 0x11,
  0x84, 0x28, 0xf9, 0xde, 0xf9, 0x0b, 0x30, 0x2e, 0xcc, 0x7f, 0xf2, 0x0b,
  0xeb, 0xba, 0xfa, 0xcb, 0x1f, 0xfa, 0x28, 0xe0, 0x09, 0xb9, 0x17, 0xfc,
  0xf2, 0x35, 0x1b, 0x1e, 0xcd, 0x44, 0x0c, 0x1d, 0x2e, 0x39, 0x06, 0x11,
  0xf3, 0xed, 0xd6, 0x26, 0x5e, 0x39, 0xda, 0xe0, 0x2b, 0x81, 0x16, 0xe6,
  0x20, 0x36, 0x11, 0x2b, 0xed, 0x27, 0x94, 0x3a, 0xb3, 0xf7, 0x0f, 0xec,
  0x26, 0xc4, 0x21, 0xde, 0xff, 0x22, 0x73, 0xcf, 0x06, 0xcc, 0x04, 0xde,
  0x7f, 0x02, 0xf2, 0x4a, 0x11, 0xf6, 0x20, 0x36, 0xb2, 0xef, 0x2d, 0xe8,
  0x05, 0xac, 0xbe, 0xac, 0x1c, 0x56, 0x1d, 0x0d, 0x1d, 0x16, 0xa5, 0x48,
  0xef, 0xfc, 0x07, 0x35, 0x9d, 0xdf, 0xac, 0xf0, 0xc4, 0x89, 0xd9, 0x24,
  0x0b, 0x5b, 0x3a, 0xd4, 0x16, 0x29, 0x62, 0xe3, 0xdf, 0xf0, 0x8b, 0x14,
  0x01, 0x13, 0xcd, 0x2d, 0xcd, 0xf7, 0x92, 0x7f, 0x13, 0x22, 0x73, 0x66,
  0x12, 0xe5, 0x0d, 0xe2, 0x36, 0x13, 0xd5, 0xa9, 0xf4, 0xc3, 0x52, 0xa9,
  0x36, 0xf6, 0xb0, 0x58, 0xa0, 0x37, 0xbe, 0x46, 0xeb, 0x36, 0xc3, 0xd3,
  0x0a, 0xd7, 0xf3, 0xcc, 0xfa, 0xe3, 0xdd, 0x7b, 0x51, 0xdc, 0xf4, 0x4b,
  0x7e, 0xde, 0xd7, 0xc4, 0x0b, 0xae, 0x06, 0xec, 0x01, 0x0b, 0x27, 0x53,
  0xf9, 0x1e, 0x09, 0x45, 0x15, 0xd7, 0x3e, 0x1d, 0xec, 0xf4, 0xe7, 0x19,
  0xd1, 0x03, 0x12, 0x0e, 0xdc, 0xdc, 0x7f, 0xdb, 0x1e, 0xf0, 0xbc, 0xbb,
  0xf5, 0x16, 0x01, 0xf2, 0xe9, 0x04, 0x0c, 0xcf, 0xb8, 0xb3, 0x29, 0x51,
  0x0c, 0x9d, 0x3c, 0x28, 0xdf, 0x6a, 0x25, 0xbc, 0x1f, 0x42, 0x03, 0xc5,
  0x6b, 0x1b, 0xd5, 0x3d, 0xf2, 0xfc, 0x0a, 0x02, 0x12, 0x82, 0x52, 0xd5,
  0x77, 0x7f, 0x48, 0x59, 0x24, 0x5d, 0xf9, 0x0b, 0x26, 0x3a, 0x32, 0xc7,
  0x61, 0x19, 0xf1, 0xc4, 0xeb, 0x21, 0x3d, 0xf6, 0x0c, 0xbb, 0x03, 0xd8,
  0xea, 0xf8, 0x9c, 0x02, 0x0b, 0xd1, 0x0f, 0x64, 0xdf, 0xd2, 0x64, 0xd5,
  0xe2, 0xd3, 0xe0, 0xa2, 0xf0, 0x29, 0xc6, 0x27, 0x0e, 0x40, 0xef, 0x06,
  0x08, 0xc3, 0x2b, 0x16, 0x18, 0xcf, 0x81, 0x0a, 0xe0, 0xba, 0xee, 0x19,
  0xdb, 0x0b, 0xf8, 0xb7, 0x16, 0xe5, 0x27, 0x10, 0x0f, 0x1a, 0x50, 0xc9,
  0x21, 0x81, 0x5f, 0xb5, 0x2f, 0xc0, 0xf3, 0xcc, 0x61, 0xb0, 0xb3, 0xbd,
  0xf4, 0x24, 0x24, 0x03, 0xf5, 0xe2, 0xf9, 0xfb, 0xaa, 0xda, 0xcf, 0xfa,
  0xff, 0xdd, 0x8e, 0x8b, 0x08, 0xe9, 0x1d, 0xef, 0x51, 0x1f, 0xf1, 0xd2,
  0xf6, 0xcf, 0x48, 0x04, 0xe3, 0x16, 0xb2, 0x2c, 0xf4, 0x19, 0x17, 0x29,
  0xfe, 0x07, 0x0d, 0x3e, 0x12, 0x3c, 0xa2, 0xe0, 0xf6, 0x31, 0x8f, 0xeb,
  0x46, 0xfb, 0x77, 0xd5, 0xc7, 0xa6, 0xce, 0xcb, 0x24, 0xcb, 0x29, 0xbe,
  0x7f, 0x02, 0x9e, 0x07, 0xc6, 0x22, 0x1c, 0x24, 0xb2, 0xfc, 0x13, 0xe7,
  0xce, 0x9f, 0xd5, 0xe8, 0x12, 0x10, 0x26, 0x04, 0x7f, 0xde, 0xf8, 0xa3,
  0x23, 0xd7, 0xff, 0xe7, 0xd5, 0xb8, 0xfb, 0x1c, 0x12, 0x0a, 0x13, 0x0e,
  0x1a, 0x0e, 0x07, 0x3f, 0x0f, 0xeb, 0xe8, 0x2b, 0xf0, 0xee, 0x28, 0x13,
  0xa3, 0x40, 0xfe, 0x39, 0xfa, 0xf7, 0x05, 0xff, 0x0d, 0xef, 0xe7, 0x09,
  0xf2, 0xc4, 0xdb, 0x11, 0x24, 0x1c, 0xc3, 0xd4, 0x3a, 0x7f, 0xd5, 0xca,
  0xe7, 0xfa, 0xdb, 0xfb, 0x48, 0x06, 0xde, 0xef, 0x36, 0x14, 0x16, 0xab,
  0x22, 0x23, 0xf9, 0x26, 0xfd, 0xbc, 0x0c, 0x64, 0x03, 0x05, 0xf9, 0xc4,
  0x27, 0x13, 0x29, 0x38, 0xf4, 0x3c, 0x45, 0xe3, 0x27, 0xe4, 0x04, 0x02,
  0x2c, 0x0e, 0xed, 0xf7, 0x20, 0x30, 0xc5, 0xea, 0xc8, 0x50, 0x1f, 0x7e,
  0x16, 0x09, 0x7a, 0x1a, 0x91, 0x7f, 0x39, 0x0c, 0x5f, 0xdd, 0x71, 0x9a,
  0xd6, 0xf4, 0x08, 0xe8, 0x54, 0xfa, 0xd2, 0x22, 0xe9, 0xd0, 0x08, 0xe0,
  0x5a, 0xf1, 0x4f, 0xab, 0xb2, 0x3b, 0x3a, 0xf6, 0xea, 0x0f, 0x78, 0xbe,
  0xdb, 0xc2, 0xc1, 0x48, 0x18, 0x0a, 0x16, 0xb9, 0x33, 0xe3, 0xc5, 0xad,
  0xe1, 0xc2, 0xee, 0x10, 0x0b, 0xb3, 0x19, 0x2e, 0x42, 0xdd, 0xda, 0xdf,
  0x0a, 0x0e, 0x34, 0xe4, 0x09, 0xd4, 0xf1, 0x15, 0xff, 0xce, 0x04, 0xc7,
  0x81, 0xc4, 0x3c, 0x47, 0x29, 0x0b, 0xf4, 0x0a, 0xfe, 0xe4, 0x14, 0x48,
  0x2b, 0xed, 0xb5, 0xe6, 0xe5, 0xd6, 0xfd, 0xed, 0xb8, 0xe4, 0xa0, 0x0c,
  0x42, 0x1e, 0x06, 0x15, 0xed, 0xf1, 0x4c, 0x59, 0x15, 0xf9, 0xe4, 0x2b,
  0xfe, 0x7f, 0x0e, 0xe1, 0xc4, 0x24, 0x61, 0xd5, 0x1b, 0xbd, 0x02, 0x4e,
  0xb5, 0xd9, 0xfa, 0xb5, 0x29, 0xd9, 0x2b, 0x47, 0x2e, 0x26, 0xde, 0x05,
  0xb8, 0x1d, 0x16, 0x0a, 0xdd, 0xfb, 0xd6, 0xe9, 0xef, 0x06, 0x3d, 0xe7,
  0xac, 0xc9, 0xa0, 0xb3, 0xc2, 0xe1, 0xe3, 0xe3, 0x0c, 0x37, 0x30, 0xf6,
  0x14, 0xd0, 0xfe, 0x04, 0x37, 0xd2, 0xe1, 0x32, 0xef, 0x05, 0xd9, 0x19,
  0xb6, 0x08, 0x4d, 0x31, 0xe6, 0xff, 0xf2, 0xd2, 0x81, 0x22, 0xef, 0xfb,
  0x25, 0x0a, 0xbd, 0x29, 0x3d, 0x13, 0xfc, 0x1c, 0x2d, 0xe3, 0x63, 0xf2,
  0x29, 0x04, 0x13, 0x1d, 0xef, 0x20, 0xec, 0x20, 0xf9, 0x1e, 0x40, 0x4b,
  0x81, 0xb8, 0xa7, 0x0f, 0xbe, 0xe7, 0xf6, 0xed, 0xeb, 0x39, 0x55, 0x1b,
  0x03, 0x17, 0x19, 0x17, 0x25, 0xf7, 0x41, 0xfc, 0x4b, 0x17, 0xe9, 0xf5,
  0x5c, 0x0d, 0xb3, 0x16, 0x0d, 0xd6, 0xe9, 0x15, 0xd1, 0xd1, 0xcf, 0x22,
  0x15, 0xd6, 0xe5, 0xc0, 0x35, 0x0d, 0x06, 0x18, 0x01, 0x1e, 0xe0, 0x2b,
  0xee, 0xf6, 0x15, 0x21, 0x01, 0x7f, 0x6d, 0xf4, 0x14, 0xe3, 0xdb, 0xd0,
  0xb7, 0xdf, 0xcd, 0xee, 0xb2, 0x3a, 0xb6, 0x52, 0x2f, 0xfd, 0x60, 0xde,
  0x13, 0x00, 0xf1, 0x82, 0xb5, 0x13, 0x41, 0xd3, 0x2b, 0x81, 0xc8, 0xa2,
  0xe0, 0xd4, 0x0e, 0x19, 0xe3, 0xff, 0x39, 0xee, 0xdd, 0x43, 0x38, 0x00,
  0xfd, 0xcc, 0x23, 0xe7, 0x1a, 0xf5, 0x40, 0x19, 0xec, 0x07, 0x18, 0x19,
  0xd0, 0x44, 0x10, 0x1c, 0x0e, 0xe5, 0x0d, 0x0c, 0xb9, 0xfb, 0xbd, 0x67,
  0xec, 0xf4, 0xe5, 0xc8, 0xad, 0xf3, 0xdb, 0x28, 0xdb, 0xf8, 0x1c, 0x34,
  0xd7, 0x09, 0xa7, 0xcf, 0xa6, 0xcc, 0x16, 0x06, 0x08, 0x08, 0x7f, 0xf9,
  0x20, 0xae, 0x0e, 0x21, 0x5f, 0x02, 0xda, 0x30, 0xf3, 0x2f, 0xd1, 0x1d,
  0xc0, 0xde, 0x37, 0xed, 0x02, 0xc4, 0xe8, 0x04, 0xf1, 0x04, 0xe7, 0x0f,
  0xef, 0xc4, 0xc9, 0x34, 0x30, 0x2d, 0x23, 0xf6, 0xc5, 0x02, 0xee, 0x17,
  0x17, 0x88, 0xef, 0xfc, 0xf2, 0x52, 0x28, 0xc7, 0x54, 0x1c, 0x5e, 0x8e,
  0x9d, 0xbb, 0xce, 0x7f, 0x4c, 0x19, 0xaf, 0x96, 0xe1, 0xb3, 0x29, 0xb4,
  0x6f, 0x48, 0xf5, 0x3d, 0xa7, 0x70, 0xbe, 0x01, 0x1b, 0x23, 0x0c, 0xed,
  0xf2, 0xf2, 0x7a, 0xb8, 0xec, 0x03, 0x3b, 0xf8, 0x27, 0xda, 0xeb, 0xd6,
  0x1c, 0xcd, 0x0f, 0x00, 0x1f, 0x4d, 0x39, 0xeb, 0xc5, 0xc4, 0xec, 0xab,
  0xd2, 0x6f, 0xd7, 0xd7, 0x24, 0xe3, 0x0e, 0xb9, 0x02, 0xf5, 0xb8, 0x26,
  0x15, 0x00, 0x81, 0xf7, 0x11, 0x31, 0x03, 0xda, 0x64, 0xed, 0xff, 0xf2,
  0xef, 0x0d, 0x1d, 0x10, 0x3c, 0x05, 0xbb, 0x7f, 0xe6, 0xbf, 0x54, 0xcb,
  0xf9, 0x22, 0xf4, 0x22, 0xd9, 0x32, 0x29, 0xce, 0x13, 0x21, 0xd8, 0xf6,
  0x15, 0xd0, 0xfe, 0xed, 0xe3, 0xc7, 0xb4, 0xe7, 0xa4, 0xf8, 0x75, 0x04,
  0x1f, 0x2b, 0x64, 0x12, 0x3e, 0x5d, 0xf3, 0xf6, 0x13, 0x34, 0x54, 0xa1,
  0xc7, 0xeb, 0x14, 0x2f, 0xfa, 0x05, 0x4f, 0xe9, 0x13, 0x0a, 0x32, 0xf7,
  0xe8, 0xf1, 0x2a, 0x27, 0x45, 0xbe, 0x14, 0xd1, 0x42, 0xe0, 0x28, 0xb8,
  0xcd, 0x10, 0xd5, 0x25, 0xe2, 0xda, 0x5a, 0xfd, 0xf6, 0xe6, 0x11, 0xd3,
  0x0a, 0x0e, 0xbe, 0xd8, 0x38, 0x30, 0xec, 0x30, 0x5a, 0x60, 0x36, 0x81,
  0x0c, 0x26, 0x43, 0xc6, 0x16, 0xff, 0x1a, 0xff, 0x1f, 0x16, 0x11, 0x02,
  0xff, 0xe9, 0xeb, 0x01, 0x52, 0xef, 0x0a, 0x43, 0x05, 0xa2, 0xe3, 0xec,
  0xd1, 0x10, 0xed, 0x0c, 0x3c, 0x00, 0x81, 0x01, 0xef, 0x0d, 0xf3, 0x34,
  0x10, 0xf5, 0xe2, 0x04, 0x00, 0x3d, 0xe7, 0xf4, 0xf6, 0x0e, 0x25, 0xec,
  0xf4, 0x19, 0x48, 0xd4, 0xf3, 0xac, 0x13, 0xfb, 0xdb, 0xc1, 0xa6, 0xe5,
  0x25, 0xee, 0xf0, 0x36, 0xe8, 0x04, 0xd6, 0x7f, 0x2c, 0xf9, 0x0c, 0x26,
  0xf3, 0x24, 0x04, 0xde, 0xef, 0x56, 0x4a, 0xc4, 0x44, 0xbd, 0x1f, 0x1f,
  0x07, 0x3f, 0xcc, 0xf6, 0xf3, 0xf3, 0xd7, 0x03, 0xcf, 0x11, 0xd6, 0x0e,
  0xbe, 0x33, 0xe1, 0xc8, 0x0a, 0x0c, 0x0d, 0xe6, 0x53, 0x29, 0x04, 0xd6,
  0x5a, 0xdd, 0xf1, 0xf3, 0x16, 0x07, 0xc5, 0x21, 0x22, 0x1e, 0xf2, 0xeb,
  0xc3, 0x7f, 0xab, 0xf6, 0xdf, 0x12, 0x2b, 0x51, 0x24, 0x25, 0x75, 0xf4,
  0xae, 0x56, 0x2d, 0xed, 0x04, 0x30, 0x28, 0xbe, 0x32, 0xe8, 0x0d, 0x17,
  0x54, 0x14, 0xe6, 0xfc, 0xfd, 0x22, 0x29, 0xdd, 0xd6, 0xbf, 0xd9, 0xbc,
  0x40, 0xb4, 0xb6, 0x2b, 0xd5, 0x98, 0x2b, 0x51, 0xcb, 0xff, 0x57, 0xc0,
  0xe9, 0xfa, 0x2e, 0xf7, 0xfd, 0xe8, 0x93, 0x5e, 0xe4, 0xce, 0xae, 0x41,
  0xe1, 0xb2, 0xe3, 0x20, 0x63, 0xa7, 0x81, 0x46, 0x13, 0xe0, 0xf8, 0xfe,
  0xff, 0xa1, 0x2e, 0xe6, 0xdc, 0xe2, 0xd1, 0xe1, 0x30, 0xcc, 0xfa, 0x60,
  0xef, 0xcb, 0xe4, 0xd6, 0xef, 0xc8, 0xed, 0xea, 0xf1, 0x10, 0x01, 0x13,
  0x3f, 0xf6, 0x1d, 0x04, 0xf0, 0x22, 0xf8, 0xef, 0xc6, 0x30, 0x1c, 0xc5,
  0x9e, 0x24, 0x15, 0x0b, 0xcd, 0xfc, 0x07, 0x0f, 0xfc, 0x4b, 0xe8, 0x2b,
  0xf0, 0x81, 0x00, 0x01, 0x38, 0x0e, 0xf4, 0x44, 0x0b, 0x21, 0x30, 0xdf,
  0xc7, 0xe1, 0x1a, 0xe5, 0x08, 0x13, 0x2e, 0xdf, 0x38, 0x35, 0x0e, 0x04,
  0xd0, 0x2d, 0x29, 0x49, 0x13, 0xf0, 0xc2, 0xcc, 0xfd, 0xee, 0x05, 0x1f,
  0xf8, 0xea, 0xad, 0xc2, 0x5b, 0x7f, 0xdf, 0xcf, 0xec, 0x41, 0x35, 0xc9,
  0xea, 0xf5, 0x38, 0x55, 0x09, 0xfd, 0xaa, 0x99, 0xdd, 0x4b, 0x3b, 0x38,
  0xe7, 0xd4, 0x0b, 0x49, 0x3e, 0x09, 0x1d, 0x07, 0xd3, 0x04, 0x1c, 0x29,
  0x3d, 0x9a, 0x7f, 0x04, 0x97, 0xbd, 0xbe, 0xd3, 0x53, 0xd9, 0x06, 0xfc,
  0x38, 0xc1, 0x05, 0x03, 0x1b, 0x2c, 0xfb, 0x95, 0x45, 0x08, 0xd1, 0xf2,
  0x33, 0x25, 0xc8, 0x31, 0xae, 0xde, 0xb6, 0xdb, 0xed, 0x19, 0x11, 0x74,
  0x81, 0x03, 0xd2, 0x8f, 0xf1, 0x8c, 0xf3, 0xd9, 0x09, 0xdc, 0x49, 0xff,
  0x06, 0xd3, 0x3b, 0x0c, 0x16, 0x1d, 0x55, 0xf3, 0xa4, 0x14, 0xe2, 0xcd,
  0x8a, 0x2a, 0x4c, 0x33, 0x1b, 0xda, 0xe1, 0xd6, 0x91, 0x11, 0xec, 0x26,
  0xf1, 0xf1, 0xd4, 0xb1, 0xe9, 0xd2, 0xa7, 0x3e, 0x7f, 0xe4, 0x31, 0xe4,
  0x0d, 0x00, 0xd3, 0xd3, 0x47, 0xbb, 0x4a, 0x06, 0x95, 0xf1, 0x0e, 0x0f,
  0x33, 0x26, 0xdc, 0x5b, 0xba, 0xdb, 0xfd, 0x34, 0xaa, 0x37, 0xf6, 0xe0,
  0xd4, 0x2c, 0x21, 0xfc, 0xee, 0xf5, 0x6a, 0xdc, 0x14, 0xfb, 0xc4, 0x99,
  0x54, 0xfc, 0x34, 0x4a, 0xd7, 0xda, 0xe1, 0x00, 0xd3, 0xef, 0xf2, 0x2d,
  0xc8, 0x46, 0x0d, 0xd8, 0xb2, 0xda, 0x51, 0xae, 0x42, 0x14, 0xfd, 0xc8,
  0x26, 0xd1, 0x05, 0xf3, 0x46, 0x4d, 0x26, 0x19, 0x0c, 0x3b, 0x1e, 0xfc,
  0xb1, 0xf0, 0x47, 0x2e, 0xe1, 0xb2, 0x21, 0xa0, 0xf2, 0x08, 0xee, 0x11,
  0xed, 0xf4, 0x81, 0x40, 0xca, 0x24, 0x7f, 0xf3, 0x14, 0xa4, 0x00, 0xbf,
  0x5a, 0xe3, 0xce, 0x3f, 0x22, 0x30, 0x3c, 0x0e, 0xe0, 0xfa, 0xbe, 0x16,
  0x18, 0x06, 0x04, 0x84, 0xc9, 0x44, 0xe0, 0x00, 0xd8, 0xf8, 0x00, 0x3a,
  0x1c, 0xfe, 0xca, 0x34, 0xf3, 0xf2, 0xc7, 0xfc, 0xdf, 0xa5, 0xed, 0xfa,
  0x00, 0x0c, 0x10, 0xe5, 0x52, 0x6d, 0xf7, 0x7f, 0x16, 0x1e, 0xf6, 0x50,
  0xbe, 0xc0, 0x23, 0x5c, 0x02, 0x58, 0xee, 0x2e, 0x35, 0xeb, 0xd0, 0x16,
  0xbb, 0xd1, 0x09, 0x00, 0x46, 0xe5, 0x0c, 0x57, 0xd6, 0x66, 0x1f, 0x2f,
  0xed, 0xb9, 0x66, 0x0d, 0xe5, 0x91, 0x1f, 0x51, 0x82, 0xf1, 0x48, 0x11,
  0xf0, 0x04, 0x3e, 0x0c, 0xe2, 0x17, 0x72, 0xd9, 0x24, 0x81, 0xe8, 0xcf,
  0x46, 0xf3, 0xdf, 0x34, 0x29, 0xf1, 0x41, 0x32, 0xdf, 0xe3, 0x1b, 0xf9,
  0xfd, 0xd8, 0xea, 0xe2, 0xf6, 0x14, 0xfd, 0xfc, 0xf3, 0x1e, 0xc0, 0x18,
  0xf1, 0xfb, 0x08, 0x1b, 0xb4, 0xfc, 0x92, 0xda, 0xd2, 0xb0, 0xf0, 0x48,
  0xe1, 0x4b, 0x2d, 0xdd, 0x33, 0xf4, 0xe2, 0xa9, 0xfc, 0x00, 0x11, 0xb3,
  0x03, 0xa3, 0xf0, 0x1a, 0x43, 0xf4, 0xd7, 0x39, 0x3d, 0xc8, 0x19, 0x81,
  0x56, 0xba, 0xc6, 0xb8, 0x31, 0xb4, 0xed, 0x3a, 0x3a, 0xc2, 0x4a, 0xaf,
  0x4d, 0x1d, 0xb5, 0x55, 0x24, 0xfa, 0xe7, 0x0f, 0xfb, 0x49, 0xd4, 0x20,
  0x19, 0x41, 0x08, 0x43, 0xf9, 0xa9, 0xe8, 0x27, 0x16, 0x41, 0x21, 0x10,
  0xd6, 0xe0, 0x43, 0xad, 0x14, 0xf2, 0xbb, 0xdb, 0x36, 0xa7, 0xab, 0xfc,
  0x4d, 0x09, 0xc8, 0xb8, 0x03, 0xc6, 0x42, 0xfe, 0x87, 0xfc, 0x51, 0x23,
  0x06, 0xe3, 0x1e, 0xcd, 0x7f, 0x2f, 0x0c, 0xde, 0x4d, 0x4e, 0x22, 0xfe,
  0xf5, 0xca, 0xe1, 0x25, 0xa6, 0x81, 0xe7, 0xf5, 0x3a, 0xbc, 0x1e, 0x0d,
  0xb4, 0xf5, 0xd4, 0xec, 0xf0, 0xf7, 0xfc, 0x44, 0xe7, 0x14, 0x07, 0x45,
  0x22, 0xbc, 0xd1, 0x22, 0x07, 0x0d, 0x05, 0x49, 0xdf, 0xe7, 0x02, 0x08,
  0xcd, 0x48, 0xeb, 0xa9, 0x44, 0x09, 0xf5, 0x35, 0xfe, 0xeb, 0xef, 0xe3,
  0x0a, 0x07, 0xed, 0xce, 0xff, 0x12, 0x34, 0x7f, 0x15, 0x36, 0x04, 0x0d,
  0x17, 0x2e, 0x1f, 0xf5, 0x16, 0xc8, 0x17, 0xcc, 0x27, 0x24, 0xba, 0xce,
  0xcf, 0x0c, 0xeb, 0xca, 0x15, 0xf0, 0xce, 0xbb, 0xc3, 0x1c, 0x08, 0xcd,
  0x0d, 0xa6, 0x02, 0xe5, 0x62, 0x42, 0x12, 0x21, 0xfe, 0x34, 0x5e, 0xb6,
  0xc9, 0xc7, 0x3f, 0xf5, 0xf6, 0xf7, 0xee, 0xdd, 0x56, 0xbd, 0x11, 0xf3,
  0x33, 0xbd, 0xd5, 0x28, 0x23, 0x21, 0xc6, 0x0b, 0xf6, 0xf8, 0xe6, 0xe1,
  0x0d, 0x16, 0x13, 0x30, 0xed, 0x1f, 0xd4, 0x1a, 0x11, 0x15, 0x31, 0xea,
  0x81, 0x20, 0x10, 0xeb, 0xec, 0x18, 0x2e, 0x17, 0x1e, 0x45, 0x08, 0x15,
  0x30, 0xba, 0xaf, 0xd2, 0x0d, 0xcd, 0x84, 0x1d, 0xec, 0x0d, 0xc6, 0x3a,
  0xc4, 0xe8, 0xdd, 0xf2, 0x8b, 0xb6, 0xfa, 0xd6, 0x16, 0xed, 0x2c, 0xb5,
  0xfe, 0xd7, 0xfb, 0x19, 0x7f, 0x23, 0xd4, 0x1a, 0xf2, 0xc0, 0xd4, 0x6b,
  0xbc, 0xef, 0xf7, 0xdd, 0x27, 0xd8, 0x21, 0xe9, 0x40, 0x3a, 0xfa, 0x04,
  0xdd, 0xd0, 0xa5, 0xf8, 0xf2, 0x9b, 0xe7, 0x01, 0x2a, 0x26, 0x1a, 0xf4,
  0xea, 0xf1, 0x2d, 0xbd, 0x7f, 0xdd, 0xc2, 0x9f, 0xe8, 0xa2, 0xfc, 0xf6,
  0xc3, 0x30, 0x50, 0xc8, 0x95, 0x8d, 0x51, 0x99, 0x21, 0x23, 0x53, 0x1d,
  0x3e, 0xcd, 0xbb, 0x99, 0x61, 0x22, 0x18, 0x07, 0xfc, 0xf9, 0xe2, 0x97,
  0xd9, 0xd6, 0xb0, 0x26, 0x41, 0xe2, 0x40, 0x1e, 0x06, 0xf2, 0x3a, 0x0c,
  0xb0, 0x91, 0x38, 0xc5, 0x0c, 0xef, 0xbb, 0xeb, 0x3b, 0xe1, 0xf4, 0xf5,
  0x1b, 0x3f, 0xdd, 0x42, 0x28, 0xf7, 0xd4, 0x19, 0xde, 0x25, 0x15, 0x3f,
  0x1f, 0xaa, 0x09, 0xca, 0x5c, 0x23, 0xec, 0x96, 0x55, 0x62, 0x59, 0xda,
  0x7f, 0x32, 0x54, 0x39, 0x35, 0xa9, 0x10, 0x47, 0x95, 0x05, 0xce, 0xe7,
  0xb9, 0x85, 0xd8, 0xb1, 0x32, 0x16, 0x62, 0xe9, 0xa1, 0xbf, 0xa9, 0x23,
  0x7f, 0x0b, 0xfa, 0x35, 0xbe, 0x68, 0x30, 0x23, 0x21, 0xe1, 0xb0, 0x28,
  0xb3, 0xec, 0xf9, 0x85, 0x88, 0x4c, 0x6e, 0x51, 0x50, 0x48, 0xd1, 0x13,
  0xe4, 0x20, 0xee, 0xa5, 0x0d, 0x14, 0x18, 0xf8, 0xd9, 0x4e, 0xfa, 0x07,
  0xe4, 0x2a, 0xeb, 0x47, 0x10, 0x35, 0x2a, 0xe6, 0x81, 0x7f, 0x08, 0xe4,
  0x0b, 0xdd, 0xee, 0xe9, 0x17, 0xf6, 0xfb, 0xc4, 0x33, 0x8e, 0xff, 0x2a,
  0x1a, 0x48, 0x3a, 0x0a, 0x1d, 0xe9, 0x02, 0x2f, 0xd2, 0x1e, 0xf1, 0xeb,
  0x11, 0xc6, 0x07, 0x1f, 0x71, 0x29, 0xd5, 0x26, 0x0e, 0x28, 0x5a, 0xd9,
  0x00, 0x11, 0x7f, 0x26, 0x02, 0x3d, 0x0c, 0xae, 0xc8, 0x36, 0x76, 0xc3,
  0x26, 0xa2, 0x31, 0x35, 0xd9, 0xd2, 0xe3, 0xf1, 0xc0, 0x6d, 0x5c, 0x63,
  0x5c, 0x32, 0x21, 0xdd, 0x01, 0x7c, 0x5a, 0xf9, 0x32, 0xfd, 0x42, 0xf3,
  0xae, 0xd4, 0xd7, 0xfa, 0xca, 0xee, 0xb7, 0xf4, 0x7f, 0xfc, 0x4b, 0x02,
  0xf5, 0xc2, 0xe1, 0x14, 0x5d, 0xfc, 0xa1, 0xc8, 0x0f, 0x1b, 0xeb, 0xd7,
  0xf4, 0x43, 0x15, 0xfb, 0xde, 0x0c, 0x98, 0x11, 0xe1, 0x3d, 0x01, 0xe4,
  0xe3, 0xe0, 0x3e, 0x40, 0x13, 0x17, 0x09, 0xfc, 0x06, 0x35, 0x18, 0x2c,
  0xf1, 0x9d, 0xfe, 0x19, 0xf7, 0xd7, 0x1c, 0xd5, 0xd9, 0xda, 0xea, 0xba,
  0x2a, 0xd9, 0xdd, 0x1e, 0xe3, 0x0e, 0xf9, 0x16, 0x08, 0x1d, 0x41, 0xe5,
  0xf2, 0xe9, 0x02, 0x26, 0x0b, 0x32, 0x7f, 0xdc, 0x4f, 0x15, 0xd5, 0xfc,
  0xe2, 0x17, 0x2b, 0x19, 0x02, 0xc9, 0xdf, 0x3a, 0xd6, 0xd6, 0xac, 0x50,
  0x09, 0xfd, 0xb3, 0xc5, 0xf0, 0xbd, 0x05, 0x08, 0xdd, 0x16, 0x47, 0x2d,
  0xc5, 0xb3, 0x3c, 0x21, 0x25, 0x5c, 0x19, 0x11, 0x14, 0xd4, 0x10, 0xe4,
  0xea, 0xfa, 0x35, 0xe5, 0xc9, 0xea, 0x13, 0xd0, 0x09, 0xd5, 0x45, 0xca,
  0x3e, 0x1d, 0xf2, 0xc6, 0x0e, 0x42, 0x37, 0x34, 0x26, 0x3c, 0x52, 0xb4,
  0x22, 0x81, 0x05, 0xf3, 0xfd, 0x42, 0xd6, 0xe0, 0x7f, 0xf9, 0x42, 0xbe,
  0x10, 0xb1, 0x12, 0x06, 0xf5, 0xf8, 0xce, 0x49, 0x33, 0x1f, 0x58, 0x27,
  0xa3, 0xc9, 0xa4, 0x24, 0x97, 0xf9, 0x18, 0x2a, 0xef, 0xfc, 0x65, 0x01,
  0xd7, 0x55, 0xf0, 0x39, 0x47, 0xe7, 0x5a, 0x9e, 0xed, 0xfb, 0xd7, 0xb4,
  0x5e, 0x50, 0xea, 0x76, 0x2f, 0xb4, 0x05, 0x5b, 0xf0, 0xcf, 0xe2, 0x4d,
  0xd5, 0x1c, 0xca, 0x20, 0x13, 0xfb, 0xb1, 0x24, 0xd8, 0x19, 0xca, 0x07,
  0x7f, 0x0f, 0x24, 0xdd, 0xed, 0x18, 0xc6, 0xe5, 0xb4, 0x0c, 0x8f, 0xb7,
  0xfa, 0x0f, 0xe1, 0x04, 0xcd, 0xd7, 0xeb, 0x66, 0xf8, 0x41, 0x38, 0xdc,
  0xbb, 0xf9, 0x26, 0xca, 0xea, 0xfe, 0xf5, 0x00, 0x3b, 0x09, 0xf3, 0xfd,
  0xc4, 0x0e, 0x08, 0x2f, 0x2d, 0x12, 0x14, 0xf7, 0xe3, 0x13, 0xf7, 0x08,
  0x24, 0xb3, 0x21, 0x42, 0x81, 0xd7, 0xec, 0x0e, 0x35, 0x47, 0xfa, 0x99,
  0x08, 0xf9, 0x2c, 0xfd, 0xfa, 0x1f, 0x22, 0xdd, 0x2a, 0x50, 0x2b, 0xda,
  0x4b, 0xf3, 0x0e, 0xec, 0xb9, 0x2f, 0xef, 0x08, 0xfb, 0xfd, 0xbf, 0x11,
  0x69, 0x3b, 0xf6, 0x60, 0xaf, 0x01, 0xed, 0x07, 0xf4, 0xea, 0x44, 0xe3,
  0x1f, 0x00, 0x81, 0xd7, 0x07, 0x36, 0xee, 0x22, 0x0a, 0x0a, 0xd5, 0xcf,
  0xea, 0xd5, 0x4a, 0x18, 0xdb, 0xdf, 0x0a, 0x2a, 0xcb, 0xdc, 0xcc, 0xed,
  0xfa, 0x0c, 0x18, 0xe1, 0x0d, 0x2c, 0x28, 0xe3, 0x27, 0xb9, 0x1b, 0xf3,
  0xba, 0xff, 0xe5, 0x91, 0x0a, 0xf7, 0x27, 0x14, 0xa0, 0xd3, 0xfc, 0x4b,
  0x28, 0xfd, 0xcb, 0x1a, 0xe6, 0x08, 0x0e, 0xfe, 0x3a, 0xfb, 0x0c, 0x04,
  0x81, 0x75, 0xd1, 0x0d, 0xdb, 0xf3, 0x02, 0x2f, 0xff, 0x34, 0xe7, 0x0a,
  0xcf, 0xd2, 0x3d, 0xe8, 0x84, 0xdc, 0xe4, 0x0e, 0x2f, 0x06, 0xe0, 0x1c,
  0xd3, 0xdd, 0x1e, 0xc9, 0xc4, 0xed, 0x3a, 0xae, 0x56, 0x03, 0xbd, 0xe6,
  0x30, 0xf4, 0x0a, 0xe8, 0x10, 0x59, 0x15, 0x03, 0xac, 0xf0, 0xc2, 0x34,
  0xbb, 0xe8, 0x21, 0xd6, 0xf9, 0x03, 0x43, 0x81, 0xf6, 0xf4, 0xd6, 0x1c,
  0x1a, 0xc3, 0xd2, 0x16, 0x9a, 0xf4, 0xff, 0xff, 0x04, 0x00, 0x00, 0x00,
  0x00, 0x01, 0x00, 0x00, 0x8a, 0x03, 0x00, 0x00, 0x1c, 0x00, 0x00, 0x00,
  0x97, 0x19, 0x00, 0x00, 0x85, 0xf3, 0xff, 0xff, 0x48, 0xfa, 0xff, 0xff,
  0x2c, 0x0e, 0x00, 0x00, 0x1f, 0xf8, 0xff, 0xff, 0x15, 0xfd, 0xff, 0xff,
  0xe4, 0x10, 0x00, 0x00, 0x51, 0x00, 0x00, 0x00, 0xf3, 0xd4, 0xff, 0xff,
  0x72, 0xef, 0xff, 0xff, 0xde, 0xfe, 0xff, 0xff, 0xde, 0x01, 0x00, 0x00,
  0xca, 0xdf, 0xff, 0xff, 0x9d, 0x0e, 0x00, 0x00, 0x42, 0x01, 0x00, 0x00,
  0xe6, 0xff, 0xff, 0xff, 0x6c, 0xfb, 0xff, 0xff, 0xb5, 0x0a, 0x00, 0x00,
  0x36, 0xf5, 0xff, 0xff, 0x76, 0xf8, 0xff, 0xff, 0xcc, 0x09, 0x00, 0x00,
  0x69, 0xf5, 0xff, 0xff, 0x98, 0xf6, 0xff, 0xff, 0x4a, 0xf1, 0xff, 0xff,
  0x77, 0x08, 0x00, 0x00, 0xd5, 0xf9, 0xff, 0xff, 0x68, 0xf7, 0xff, 0xff,
  0x2e, 0x0d, 0x00, 0x00, 0xa7, 0xfa, 0xff, 0xff, 0x3d, 0xfd, 0xff, 0xff,
  0x24, 0xf6, 0xff, 0xff, 0x0a, 0xfd, 0xff, 0xff, 0x1e, 0xe8, 0xff, 0xff,
  0x2f, 0x0c, 0x00, 0x00, 0xc1, 0x1d, 0x00, 0x00, 0xf7, 0xfb, 0xff, 0xff,
  0x0d, 0x16, 0x00, 0x00, 0xbf, 0x07, 0x00, 0x00, 0xcc, 0x0d, 0x00, 0x00,
  0x30, 0xea, 0xff, 0xff, 0x05, 0x04, 0x00, 0x00, 0x86, 0xdd, 0xff, 0xff,
  0x8c, 0xef, 0xff, 0xff, 0xb3, 0x23, 0x00, 0x00, 0xbb, 0x07, 0x00, 0x00,
  0x8d, 0x0c, 0x00, 0x00, 0x1c, 0xfb, 0xff, 0xff, 0xf5, 0x16, 0x00, 0x00,
  0x8e, 0x11, 0x00, 0x00, 0x48, 0x20, 0x00, 0x00, 0xaa, 0xf2, 0xff, 0xff,
  0x15, 0xfd, 0xff, 0xff, 0xb1, 0xff, 0xff, 0xff, 0xbd, 0x08, 0x00, 0x00,
  0x69, 0xe6, 0xff, 0xff, 0xa3, 0x06, 0x00, 0x00, 0x0f, 0x08, 0x00, 0x00,
  0x0d, 0xfc, 0xff, 0xff, 0x0a, 0xfc, 0xff, 0xff, 0xfc, 0xed, 0xff, 0xff,
  0xb4, 0xf7, 0xff, 0xff, 0x21, 0x23, 0x00, 0x00, 0xa6, 0xf5, 0xff, 0xff,
  0x04, 0x00, 0x00, 0x00, 0x00, 0x08, 0x00, 0x00, 0x7f, 0x2c, 0xd3, 0x30,
  0x0d, 0xbb, 0xfe, 0x47, 0x28, 0xf8, 0x8b, 0x14, 0x52, 0x27, 0xde, 0xb7,
  0xc7, 0x45, 0x60, 0xb5, 0x2a, 0x20, 0xf1, 0x27, 0x57, 0xf9, 0xcb, 0xdf,
  0xc2, 0xa5, 0xd5, 0xe8, 0x06, 0x7b, 0x2e, 0x54, 0x95, 0xee, 0x32, 0x42,
  0xcf, 0xd7, 0xfd, 0xd3, 0x65, 0xc8, 0x59, 0xb2, 0x17, 0xbc, 0x8d, 0xb5,
  0x5d, 0xf5, 0xf5, 0x33, 0x14, 0xc5, 0x63, 0x31, 0xfa, 0x82, 0x35, 0xc4,
  0x44, 0xaa, 0x60, 0x9d, 0xde, 0xb5, 0xc4, 0x49, 0x96, 0x0d, 0x9f, 0xe9,
  0x05, 0x9f, 0x20, 0x85, 0x8f, 0xf1, 0x9d, 0x55, 0x05, 0xb5, 0xfe, 0x8c,
  0xf8, 0x33, 0x46, 0x00, 0xed, 0x09, 0xd7, 0xe6, 0xd3, 0xb8, 0xbc, 0xd8,
  0xc1, 0xdd, 0x27, 0xa7, 0x67, 0xed, 0x0f, 0xf7, 0x16, 0x29, 0x10, 0x35,
  0x5a, 0x9f, 0xa1, 0x56, 0x46, 0xb1, 0x8d, 0xc2, 0x94, 0x87, 0x00, 0xcd,
  0xb4, 0xf1, 0x81, 0x59, 0xef, 0x3d, 0xa4, 0x93, 0xfc, 0xd4, 0x85, 0x0f,
  0xee, 0x4e, 0xce, 0x00, 0x17, 0xc4, 0x9f, 0xee, 0x4d, 0xdc, 0x8c, 0xe4,
  0xba, 0xb6, 0x0a, 0xe3, 0xb5, 0x3c, 0xaf, 0x52, 0x31, 0x04, 0x01, 0xc6,
  0x0e, 0xa8, 0xe3, 0x99, 0x21, 0x81, 0x54, 0x2a, 0x8a, 0x92, 0xfb, 0x5f,
  0xae, 0xbe, 0xd7, 0xb6, 0x3a, 0x6a, 0x8e, 0x06, 0xac, 0x0f, 0xfe, 0x5c,
  0x67, 0x27, 0x66, 0xae, 0xa8, 0x8f, 0x86, 0xac, 0x71, 0x3c, 0x21, 0xe2,
  0x63, 0xea, 0xf3, 0x2e, 0x62, 0x1f, 0xe7, 0x55, 0x45, 0xbc, 0x11, 0x07,
  0x38, 0x0f, 0xfd, 0xe6, 0x36, 0x10, 0xd0, 0xef, 0x0b, 0x31, 0xc0, 0xff,
  0xb6, 0x0e, 0xed, 0x1b, 0x41, 0x43, 0xda, 0x01, 0x9f, 0xe5, 0x0d, 0xe4,
  0x81, 0xf7, 0xc0, 0x06, 0x0b, 0xb1, 0x5c, 0xc9, 0x11, 0xea, 0x00, 0xb3,
  0x6f, 0x01, 0xcd, 0xee, 0xdf, 0xde, 0xca, 0x58, 0xd0, 0xf9, 0x0f, 0xa9,
  0xa6, 0x7d, 0xab, 0x24, 0xb6, 0x15, 0x88, 0xa6, 0xa2, 0x53, 0xc0, 0x4f,
  0x06, 0x45, 0x59, 0x87, 0x33, 0x1a, 0x27, 0xad, 0x71, 0xc6, 0x2b, 0xba,
  0xa2, 0x81, 0xb2, 0x28, 0xd4, 0x95, 0x36, 0x3d, 0x0c, 0xce, 0x96, 0xf4,
  0x08, 0xec, 0xe0, 0x59, 0x7b, 0xea, 0x1c, 0xe8, 0xaf, 0x84, 0xc3, 0x97,
  0x71, 0xbe, 0xb7, 0x18, 0x18, 0x58, 0xac, 0x82, 0x87, 0x62, 0xfd, 0xf2,
  0xa9, 0x6c, 0x1c, 0xbc, 0x14, 0x55, 0x23, 0x12, 0xd2, 0xa4, 0xdf, 0xee,
  0x25, 0xe5, 0xe0, 0xd2, 0x1e, 0xc2, 0x41, 0xdd, 0xa3, 0x58, 0xea, 0xb3,
  0x7f, 0xf8, 0x5c, 0x02, 0x04, 0x2a, 0x20, 0xb6, 0xff, 0xcf, 0xda, 0x13,
  0x0c, 0x3e, 0x5e, 0x40, 0xe8, 0xd9, 0x25, 0x17, 0x36, 0x2e, 0xba, 0x21,
  0x0f, 0x26, 0x39, 0xfa, 0x48, 0x50, 0x1d, 0xd7, 0x17, 0xa2, 0xff, 0x22,
  0xf7, 0xf8, 0x15, 0xdb, 0x42, 0xed, 0x28, 0x11, 0xf9, 0x01, 0x00, 0xcf,
  0x02, 0x56, 0xf2, 0xca, 0x12, 0x37, 0x95, 0x58, 0xe7, 0x25, 0xe1, 0x1d,
  0x42, 0xd6, 0xe6, 0xf8, 0x20, 0xd2, 0xec, 0x09, 0xe9, 0xea, 0xe9, 0xb4,
  0xd5, 0x53, 0x29, 0x28, 0xd9, 0xb5, 0xcb, 0xac, 0xe9, 0x2c, 0xcd, 0x00,
  0xfd, 0x95, 0x22, 0xbb, 0x29, 0x22, 0x4d, 0x27, 0xcf, 0x07, 0x08, 0x4f,
  0x81, 0x11, 0x2c, 0x0c, 0xf9, 0x36, 0xf1, 0x38, 0x25, 0xe3, 0x83, 0xa9,
  0x7e, 0x0d, 0xd1, 0x5a, 0x10, 0xc2, 0x62, 0xe6, 0x22, 0x1f, 0xff, 0xf8,
  0xf0, 0x13, 0xc0, 0xaa, 0x16, 0x2d, 0x69, 0xc7, 0x33, 0x2f, 0xeb, 0x1d,
  0x3e, 0xef, 0xbb, 0xfb, 0xf2, 0xb6, 0xbb, 0xee, 0x4b, 0x7f, 0x17, 0x37,
  0xc7, 0xed, 0xf3, 0x67, 0xe5, 0x02, 0xd7, 0xce, 0x44, 0xc5, 0xfe, 0x83,
  0xe1, 0x1e, 0xcb, 0xa9, 0x50, 0xe3, 0xc2, 0x2d, 0x1c, 0xb6, 0x76, 0x53,
  0xfe, 0xab, 0xd9, 0x28, 0x1a, 0x11, 0x0e, 0xde, 0xe9, 0xd8, 0xe1, 0xc9,
  0x2a, 0xb5, 0x2e, 0xb4, 0x97, 0xd8, 0x42, 0x30, 0x0b, 0x2f, 0xc0, 0xd4,
  0xeb, 0xdf, 0x1b, 0xc1, 0xe7, 0x53, 0x3c, 0x07, 0x4c, 0xef, 0x49, 0x37,
  0xb6, 0xaf, 0x3c, 0x0b, 0x11, 0xdf, 0x42, 0xaf, 0x1b, 0x0c, 0x14, 0x4d,
  0xbc, 0xf8, 0xbb, 0x22, 0x28, 0x49, 0xf8, 0xf3, 0xe3, 0x0e, 0x00, 0xe4,
  0x3e, 0x33, 0x06, 0x81, 0x18, 0x0d, 0x07, 0x29, 0x27, 0xfe, 0xe7, 0x27,
  0x49, 0x1a, 0x2b, 0x44, 0x24, 0x32, 0x9e, 0x29, 0x1a, 0xec, 0xa4, 0xa0,
  0x2b, 0x95, 0x14, 0x18, 0x11, 0xf4, 0xdd, 0x4e, 0x3a, 0x95, 0xd1, 0x06,
  0xeb, 0x47, 0x19, 0xe1, 0x24, 0x50, 0x81, 0xd0, 0x22, 0x62, 0xac, 0x3f,
  0xcf, 0x85, 0x03, 0x8b, 0x09, 0xbe, 0x25, 0x02, 0xe6, 0xc0, 0xe1, 0xde,
  0xf1, 0x28, 0x46, 0x55, 0xde, 0x32, 0x1c, 0x64, 0x55, 0xcf, 0xdc, 0xdb,
  0x04, 0x75, 0x04, 0xd6, 0xa7, 0xdc, 0xc4, 0xd8, 0x21, 0xe9, 0x26, 0xda,
  0xd7, 0xca, 0x44, 0x1d, 0xbe, 0x46, 0xb5, 0xc4, 0x41, 0x04, 0x4d, 0x0c,
  0xd6, 0x7f, 0x42, 0xce, 0x34, 0x0f, 0x09, 0x5b, 0xb2, 0xbe, 0x76, 0x5f,
  0xe5, 0xa5, 0x2b, 0xa4, 0x4d, 0x3a, 0xd7, 0x6f, 0xa9, 0x22, 0xed, 0x20,
  0x12, 0x33, 0xf3, 0x1a, 0x16, 0xcb, 0x04, 0x1a, 0x11, 0x0f, 0xc5, 0x8a,
  0x2d, 0x0f, 0x08, 0x00, 0xdc, 0x45, 0x31, 0xb8, 0x30, 0x47, 0xd0, 0xec,
  0xd2, 0xe3, 0x3d, 0xbd, 0xc3, 0xfb, 0x42, 0x5b, 0x37, 0xe4, 0xe8, 0x08,
  0xe8, 0xca, 0x19, 0x8d, 0xbf, 0x51, 0xfa, 0x1e, 0x4d, 0x24, 0x7d, 0x5a,
  0x9b, 0xc8, 0x0a, 0x2a, 0x1b, 0x06, 0xda, 0x97, 0x11, 0xea, 0x0b, 0x62,
  0xf3, 0x5d, 0xbf, 0x7f, 0xbc, 0x31, 0x08, 0x0d, 0x91, 0xde, 0xfb, 0xf0,
  0x61, 0x70, 0x83, 0x82, 0x14, 0x67, 0xd1, 0x02, 0xc7, 0x1e, 0xbf, 0xaf,
  0x16, 0x08, 0x0c, 0xef, 0xc4, 0xd4, 0x18, 0xb0, 0xf6, 0x1d, 0x23, 0x36,
  0x2f, 0xef, 0x02, 0x39, 0xd8, 0xda, 0xe2, 0xb4, 0xc9, 0x17, 0xf2, 0x32,
  0x20, 0x3a, 0x14, 0x4e, 0x81, 0xc8, 0x09, 0xdf, 0x2f, 0x0d, 0xe0, 0x16,
  0x0b, 0x07, 0x3d, 0x52, 0xf9, 0x49, 0xc5, 0x18, 0xfc, 0xd1, 0x3a, 0x0f,
  0xe0, 0x04, 0xdb, 0xef, 0x45, 0x3d, 0xe9, 0xfa, 0x0f, 0x55, 0xff, 0xd7,
  0x60, 0x01, 0x57, 0x12, 0x08, 0x68, 0xd8, 0x81, 0x49, 0x9b, 0x17, 0xb0,
  0xbe, 0x4f, 0xa1, 0xd6, 0xb4, 0xe6, 0x94, 0x9a, 0xa8, 0x29, 0x0d, 0x4b,
  0x8c, 0x98, 0xf5, 0x8c, 0x37, 0xc8, 0x11, 0x4f, 0xc3, 0x95, 0x91, 0xc5,
  0x5f, 0xfd, 0xf7, 0xd3, 0xe4, 0xb7, 0xdb, 0x3e, 0xf3, 0x06, 0x99, 0xf3,
  0xdb, 0x3b, 0x9f, 0xdb, 0xaa, 0x1b, 0xdb, 0xf4, 0xe4, 0x0e, 0x35, 0x52,
  0x8f, 0xd1, 0x8e, 0xa7, 0x16, 0x5d, 0xe3, 0x60, 0x11, 0x81, 0xec, 0xc1,
  0x68, 0xc1, 0xf3, 0xc9, 0xfd, 0xcd, 0x6a, 0xbe, 0xbd, 0x3e, 0xf8, 0xc0,
  0x58, 0x59, 0x3a, 0x2a, 0x2c, 0x4e, 0x4e, 0xe7, 0xae, 0xc7, 0xf9, 0x00,
  0xf7, 0x2e, 0x38, 0x39, 0x9e, 0x0a, 0x4e, 0x34, 0x31, 0xfb, 0xa2, 0xcb,
  0x1a, 0x09, 0x6c, 0xa8, 0x7c, 0x35, 0xcc, 0x11, 0x5c, 0x9c, 0xc3, 0x2f,
  0x36, 0xa7, 0x17, 0xfd, 0x30, 0x03, 0x30, 0x2a, 0x0f, 0x43, 0x0a, 0x2c,
  0xd5, 0xd1, 0xb3, 0x8a, 0x63, 0xa8, 0x21, 0x09, 0xc4, 0x01, 0x7f, 0xce,
  0xe5, 0x21, 0xbf, 0xfd, 0x41, 0xe2, 0x40, 0xea, 0xcf, 0x6d, 0x5f, 0xb4,
  0x32, 0xcb, 0x00, 0x45, 0xb8, 0x31, 0x64, 0x46, 0xb7, 0x9a, 0x72, 0xd8,
  0x53, 0x4e, 0xe7, 0x4d, 0xe5, 0x2b, 0x38, 0x0f, 0x68, 0x15, 0x15, 0x1f,
  0x2b, 0x92, 0xce, 0x5e, 0x2b, 0xab, 0xfc, 0xa1, 0x04, 0xe7, 0xfe, 0x23,
  0xaa, 0xe3, 0x94, 0x1f, 0x93, 0xa4, 0x0f, 0x25, 0x2e, 0x25, 0xaa, 0xc8,
  0xaf, 0xa2, 0xeb, 0x17, 0x1c, 0xca, 0xc5, 0x03, 0x4f, 0x8b, 0x94, 0x95,
  0x83, 0x9e, 0xb6, 0x09, 0x92, 0xf1, 0x24, 0xbb, 0xb3, 0xa3, 0x2b, 0x36,
  0xfe, 0x2c, 0x81, 0x3a, 0xd3, 0xe3, 0x63, 0xc3, 0xe1, 0x29, 0x2f, 0x58,
  0xe0, 0xd1, 0xca, 0x85, 0xcd, 0xf2, 0x43, 0x35, 0x38, 0x08, 0xc5, 0x5a,
  0xa6, 0x0d, 0xff, 0x43, 0x08, 0x3d, 0x3f, 0xbe, 0xd5, 0x0b, 0xb6, 0xa6,
  0x0f, 0xd0, 0x28, 0xd9, 0xda, 0xf3, 0x57, 0x2a, 0xbd, 0x36, 0xb0, 0xf4,
  0x0a, 0xc8, 0x2e, 0xde, 0xce, 0x6b, 0x3a, 0xe3, 0x46, 0xf2, 0x31, 0x3c,
  0xd9, 0xb9, 0x65, 0x23, 0x14, 0xd6, 0x16, 0xc3, 0x2d, 0x2f, 0xc9, 0x30,
  0xcc, 0xff, 0xec, 0x36, 0x35, 0x23, 0x01, 0xd3, 0x23, 0xd5, 0xef, 0xcb,
  0x24, 0x0f, 0xcf, 0x81, 0x26, 0x12, 0x35, 0x1e, 0xfe, 0x07, 0xe0, 0x44,
  0x56, 0x2d, 0x50, 0x5f, 0x03, 0x10, 0xd5, 0x02, 0x08, 0x22, 0xa1, 0xba,
  0x2c, 0x87, 0x2f, 0x04, 0xfe, 0xda, 0xaf, 0x2a, 0x45, 0x92, 0xa9, 0x0f,
  0xd2, 0x1a, 0x17, 0x06, 0x3b, 0x3b, 0x81, 0xfe, 0xf1, 0x48, 0xc8, 0x53,
  0x08, 0xb6, 0xfb, 0x99, 0xe2, 0x02, 0x04, 0xe6, 0x33, 0xfe, 0x03, 0x06,
  0x18, 0x10, 0x0f, 0x19, 0xa1, 0xe7, 0x53, 0x36, 0x57, 0x88, 0x10, 0x01,
  0xd3, 0x73, 0x81, 0xd0, 0x90, 0xf7, 0xb2, 0xea, 0xdd, 0x12, 0x00, 0x69,
  0x91, 0x6a, 0xf6, 0x8f, 0xa4, 0x83, 0xf5, 0xcd, 0x32, 0x99, 0x32, 0x44,
  0x02, 0x25, 0x70, 0x8d, 0x14, 0x84, 0x3f, 0x98, 0xb9, 0xb3, 0x64, 0xb9,
  0xa8, 0x93, 0x26, 0xc0, 0x1b, 0x61, 0x75, 0x9b, 0x27, 0x4e, 0xf0, 0x97,
  0x08, 0xf5, 0x7b, 0x65, 0xab, 0x95, 0xba, 0x8e, 0xfd, 0x8a, 0x0a, 0xa3,
  0xf7, 0xd5, 0x38, 0xb4, 0x73, 0xfa, 0xd8, 0x4d, 0x50, 0x38, 0x21, 0x3b,
  0xc6, 0x17, 0xed, 0x3a, 0x2d, 0x38, 0x12, 0x94, 0x1f, 0x01, 0x7e, 0xba,
  0x04, 0xf8, 0xdf, 0x35, 0x1f, 0xd8, 0xcf, 0x14, 0xa3, 0x1e, 0xfa, 0xb5,
  0x28, 0x49, 0x93, 0xd1, 0xc5, 0x76, 0xbf, 0x10, 0xa5, 0xdf, 0xb8, 0xd1,
  0x18, 0xd1, 0x29, 0xd1, 0x3e, 0xb8, 0x06, 0xcb, 0x31, 0x44, 0x5e, 0x05,
  0xb0, 0xf0, 0x18, 0x7f, 0x78, 0xeb, 0xf3, 0xa0, 0xf0, 0xe7, 0xb9, 0xff,
  0x22, 0x02, 0xfa, 0x2d, 0xc2, 0xee, 0x31, 0x2f, 0xfc, 0x19, 0x1f, 0x03,
  0x36, 0xfc, 0x0a, 0x44, 0xd2, 0xa8, 0xbb, 0xd0, 0xf0, 0x00, 0xe1, 0x16,
  0x0b, 0xd6, 0x29, 0x5d, 0x81, 0xd8, 0xda, 0xf0, 0x15, 0x43, 0xff, 0x1e,
  0xb7, 0xdb, 0x32, 0x0f, 0xda, 0x23, 0x02, 0x08, 0xe4, 0xa6, 0x2d, 0x4a,
  0xa5, 0x25, 0xf3, 0xd2, 0x2a, 0x45, 0xd1, 0x20, 0xe6, 0x0f, 0xb4, 0xc0,
  0xaa, 0xcd, 0x87, 0x12, 0xcc, 0x07, 0x9b, 0x0a, 0xe2, 0xf5, 0xa4, 0x51,
  0x19, 0xc6, 0xdc, 0xa2, 0xa8, 0x81, 0x91, 0xd6, 0x8f, 0x49, 0x8d, 0x2f,
  0x2a, 0xf2, 0xba, 0x23, 0x83, 0x25, 0xc9, 0x83, 0xdb, 0x3b, 0x24, 0xeb,
  0x3b, 0x91, 0x88, 0xf8, 0x42, 0x17, 0xd8, 0x37, 0xa5, 0xff, 0x1d, 0xff,
  0xc7, 0xb6, 0x99, 0xcb, 0x03, 0x2e, 0xa1, 0xba, 0x5b, 0xcd, 0x4a, 0xbc,
  0x3a, 0xac, 0xe8, 0xd8, 0x79, 0x49, 0x32, 0xee, 0x3c, 0xdf, 0x1c, 0x47,
  0x39, 0xba, 0xc4, 0x1f, 0x56, 0xf1, 0xdc, 0x05, 0xfa, 0xfd, 0x30, 0xf9,
  0xfd, 0x0f, 0xe0, 0xea, 0x27, 0xe9, 0xf3, 0x11, 0xd4, 0x07, 0x8e, 0xe5,
  0x5a, 0x1a, 0x2e, 0xf3, 0x8e, 0xf0, 0x4e, 0x5a, 0xce, 0xa9, 0xb2, 0xae,
  0x42, 0xca, 0x34, 0x9b, 0x58, 0x0d, 0x81, 0xbd, 0x2a, 0xdb, 0xdd, 0xf0,
  0x18, 0x0c, 0x44, 0x1e, 0x50, 0xe1, 0x17, 0xf0, 0xcc, 0x57, 0x01, 0xb7,
  0x23, 0x43, 0xf6, 0x25, 0xea, 0xaf, 0xde, 0x8f, 0x91, 0x38, 0x4b, 0x3b,
  0x47, 0x21, 0xde, 0xe8, 0x28, 0xdc, 0x11, 0xa0, 0x1c, 0x22, 0x53, 0x1c,
  0x37, 0x0d, 0x60, 0x4b, 0xd4, 0xf8, 0x4f, 0xe2, 0x1f, 0x19, 0x26, 0xad,
  0xfc, 0xce, 0x05, 0x39, 0x19, 0x36, 0xcc, 0x11, 0xd6, 0xee, 0x23, 0x31,
  0xb0, 0xc2, 0xcd, 0xc3, 0x13, 0x0d, 0xad, 0x81, 0x07, 0x4a, 0xbf, 0x28,
  0x52, 0x69, 0x31, 0x22, 0xf6, 0x92, 0xbd, 0xcf, 0x19, 0xe3, 0xd2, 0xf7,
  0xf9, 0x9f, 0x79, 0xcf, 0x95, 0x6e, 0x43, 0xbb, 0x7f, 0x47, 0x66, 0x04,
  0x47, 0x36, 0x4d, 0x9e, 0xbe, 0xcb, 0xb4, 0xd7, 0x19, 0x58, 0x09, 0x51,
  0xcb, 0x0b, 0x34, 0x1d, 0xdf, 0xe4, 0x8b, 0xf3, 0x0f, 0xfa, 0x4a, 0xe8,
  0x5a, 0x36, 0xaa, 0xe8, 0x47, 0xc6, 0xdd, 0x5e, 0x01, 0xe0, 0x40, 0x2a,
  0x11, 0xe5, 0x2f, 0x1f, 0x49, 0xc3, 0xf3, 0x50, 0x24, 0xde, 0x51, 0x4f,
  0xfd, 0x17, 0xb9, 0x4a, 0x49, 0x35, 0xe6, 0xc0, 0x43, 0x91, 0x5d, 0xfe,
  0xb0, 0x0d, 0xb1, 0x5f, 0x01, 0x94, 0x99, 0xf3, 0xb2, 0x03, 0x0b, 0xe4,
  0x0e, 0x5b, 0xa1, 0x24, 0x19, 0x5f, 0x01, 0x23, 0xa1, 0xbe, 0xe5, 0xc7,
  0x2b, 0xdc, 0x06, 0xd3, 0x27, 0xcd, 0xed, 0x06, 0x28, 0x02, 0x07, 0x41,
  0xcc, 0x08, 0x16, 0x7f, 0x60, 0xb6, 0x00, 0xe4, 0xab, 0x0d, 0xfe, 0xc4,
  0x0f, 0x09, 0xee, 0x26, 0xc7, 0x14, 0x02, 0x15, 0x8a, 0xff, 0xf1, 0x3f,
  0x19, 0xd1, 0xe0, 0x50, 0x10, 0xac, 0x22, 0xd8, 0xf3, 0x11, 0xf2, 0xc7,
  0x7e, 0x50, 0x5a, 0x71, 0x99, 0xc3, 0x6c, 0x45, 0x16, 0x23, 0x06, 0x93,
  0x1d, 0xdc, 0x1a, 0x1e, 0xd7, 0x07, 0xfc, 0x42, 0xdb, 0x0c, 0x34, 0x45,
  0xe2, 0xea, 0xb1, 0xac, 0x71, 0x4f, 0xb2, 0x81, 0x1c, 0x6b, 0xa8, 0x13,
  0x19, 0x3e, 0xbb, 0xee, 0x61, 0x40, 0x05, 0x45, 0x90, 0xe1, 0xd9, 0xeb,
  0xde, 0x4e, 0x1c, 0xe0, 0x4c, 0xa5, 0x00, 0xe7, 0x0e, 0xba, 0xa8, 0xdb,
  0x05, 0xf5, 0xad, 0x13, 0xe6, 0x2c, 0x09, 0x14, 0x81, 0xbe, 0xfb, 0x8c,
  0x10, 0x2b, 0x8c, 0xe7, 0x17, 0x9f, 0x40, 0x13, 0xe6, 0x15, 0x08, 0xef,
  0xbe, 0xe0, 0x67, 0x2b, 0xac, 0xf1, 0x59, 0x28, 0xfc, 0x5a, 0xf5, 0x3c,
  0x12, 0xee, 0xe1, 0xaa, 0x14, 0x9b, 0x9c, 0xf9, 0x7f, 0xe6, 0x57, 0x57,
  0x27, 0x3a, 0xdf, 0x2f, 0xec, 0x26, 0xb3, 0x98, 0xfc, 0xa5, 0x35, 0x24,
  0xf4, 0xfa, 0xc8, 0x4a, 0x23, 0xca, 0xd6, 0xe5, 0x91, 0x2b, 0xfb, 0x9d,
  0x4e, 0x43, 0x95, 0xfe, 0x39, 0x6c, 0xb5, 0x3c, 0xdb, 0xa0, 0x34, 0xf0,
  0xe5, 0x9a, 0x00, 0x04, 0x39, 0x97, 0x04, 0xb1, 0x25, 0x16, 0x5a, 0x74,
  0xd9, 0x2f, 0x48, 0x6e, 0x38, 0xde, 0xc1, 0xc6, 0xf4, 0xd5, 0x85, 0x8c,
  0xe6, 0x6c, 0x59, 0xa8, 0xdc, 0x59, 0xaa, 0xcf, 0x76, 0xc9, 0x25, 0xf3,
  0xe8, 0xaf, 0xcc, 0x06, 0xcc, 0xc9, 0x4d, 0xfa, 0xb3, 0x2f, 0x32, 0x8d,
  0x8d, 0x37, 0xc3, 0xd9, 0xf5, 0x4d, 0x48, 0x6a, 0xe6, 0xc2, 0x1c, 0x4a,
  0xba, 0x54, 0x74, 0x8e, 0x2a, 0x81, 0xcf, 0x9a, 0x87, 0x91, 0x96, 0x53,
  0x90, 0xb5, 0x68, 0x9f, 0xdd, 0xfc, 0xfe, 0x95, 0xde, 0x02, 0x3c, 0x9b,
  0xfa, 0xd4, 0xa3, 0x0d, 0x19, 0x27, 0x20, 0xda, 0x16, 0x32, 0xa5, 0x0a,
  0x24, 0x88, 0xb7, 0x43, 0xc9, 0xa7, 0x58, 0xc6, 0x25, 0x17, 0x0e, 0xd3,
  0xd7, 0x22, 0x38, 0xb9, 0xd0, 0xa6, 0x9a, 0x99, 0x81, 0xdf, 0x53, 0x8d,
  0x92, 0x0c, 0xe8, 0x02, 0x94, 0x38, 0x0c, 0xcf, 0xa6, 0x97, 0x44, 0x29,
  0x25, 0x09, 0xbc, 0x21, 0xe7, 0x0e, 0x17, 0x44, 0xbf, 0xf6, 0xf7, 0x3c,
  0x2a, 0x9c, 0x63, 0x5c, 0xb2, 0xfd, 0xff, 0xff, 0x04, 0x00, 0x00, 0x00,
  0x80, 0x00, 0x00, 0x00, 0x0c, 0x01, 0x00, 0x00, 0xb9, 0xfa, 0xff, 0xff,
  0x00, 0x00, 0x00, 0x00, 0x3e, 0xff, 0xff, 0xff, 0x00, 0x00, 0x00, 0x00,
  0x6f, 0xf9, 0xff, 0xff, 0x40, 0xfa, 0xff, 0xff, 0x53, 0xfd, 0xff, 0xff,
  0xc8, 0xfc, 0xff, 0xff, 0x48, 0x05, 0x00, 0x00, 0x34, 0xfa, 0xff, 0xff,
  0x86, 0xfb, 0xff, 0xff, 0xf0, 0xfd, 0xff, 0xff, 0x63, 0xfa, 0xff, 0xff,
  0xe4, 0xf6, 0xff, 0xff, 0x47, 0xf9, 0xff, 0xff, 0x3e, 0xf9, 0xff, 0xff,
  0x73, 0xfa, 0xff, 0xff, 0x53, 0x04, 0x00, 0x00, 0x00, 0x00, 0x00, 0x00,
  0x58, 0xff, 0xff, 0xff, 0x89, 0xfd, 0xff, 0xff, 0x6e, 0xf5, 0xff, 0xff,
  0x7f, 0xfe, 0xff, 0xff, 0x28, 0xfb, 0xff, 0xff, 0x74, 0xf6, 0xff, 0xff,
  0x0b, 0x03, 0x00, 0x00, 0xf6, 0xfa, 0xff, 0xff, 0x2c, 0x02, 0x00, 0x00,
  0xc1, 0x06, 0x00, 0x00, 0x00, 0x00, 0x00, 0x00, 0x43, 0xfa, 0xff, 0xff,
  0x3e, 0xfe, 0xff, 0xff, 0x04, 0x00, 0x00, 0x00, 0x60, 0x00, 0x00, 0x00,
  0x6d, 0xf9, 0xee, 0x43, 0xe2, 0xfa, 0xf3, 0x73, 0xa3, 0x08, 0x24, 0xa7,
  0xb9, 0x28, 0x0c, 0x29, 0x10, 0x14, 0xfc, 0xd5, 0x35, 0xae, 0xd6, 0x7f,
  0x93, 0x37, 0x23, 0x95, 0xd0, 0x3f, 0x2b, 0xd2, 0xd3, 0xfa, 0xee, 0xfc,
  0xf1, 0x9b, 0x1f, 0xb7, 0xc3, 0x08, 0x81, 0x02, 0x18, 0x08, 0xa6, 0xad,
  0x0e, 0xb0, 0xff, 0xfd, 0x1b, 0x28, 0x0d, 0xc1, 0x1f, 0xae, 0x10, 0x0c,
  0x1e, 0x26, 0x18, 0x06, 0x88, 0xf5, 0x20, 0xe2, 0x22, 0x08, 0xb5, 0xce,
  0x55, 0x8c, 0x53, 0x0c, 0x24, 0x26, 0x10, 0x3a, 0x11, 0x6c, 0x81, 0x20,
  0x84, 0x16, 0xdb, 0xbf, 0x35, 0x30, 0x88, 0x1e, 0xc1, 0x89, 0x25, 0xf0,
  0xaa, 0xfe, 0xff, 0xff, 0x04, 0x00, 0x00, 0x00, 0x0c, 0x00, 0x00, 0x00,
  0xdd, 0xfa, 0xff, 0xff, 0x95, 0x06, 0x00, 0x00, 0x65, 0xf9, 0xff, 0xff,
  0xc2, 0xfe, 0xff, 0xff, 0x04, 0x00, 0x00, 0x00, 0x0c, 0x00, 0x00, 0x00,
  0xff, 0xff, 0xff, 0xff, 0x19, 0x00, 0x00, 0x00, 0x40, 0x00, 0x00, 0x00,
  0xda, 0xfe, 0xff, 0xff, 0x04, 0x00, 0x00, 0x00, 0x0c, 0x00, 0x00, 0x00,
  0xff, 0xff, 0xff, 0xff, 0x19, 0x00, 0x00, 0x00, 0x30, 0x00, 0x00, 0x00,
  0xf2, 0xfe, 0xff, 0xff, 0x04, 0x00, 0x00, 0x00, 0x0c, 0x00, 0x00, 0x00,
  0xff, 0xff, 0xff, 0xff, 0x32, 0x00, 0x00, 0x00, 0x30, 0x00, 0x00, 0x00,
  0x0a, 0xff, 0xff, 0xff, 0x04, 0x00, 0x00, 0x00, 0x04, 0x00, 0x00, 0x00,
  0x01, 0x00, 0x00, 0x00, 0x1a, 0xff, 0xff, 0xff, 0x04, 0x00, 0x00, 0x00,
  0x0c, 0x00, 0x00, 0x00, 0xff, 0xff, 0xff, 0xff, 0x32, 0x00, 0x00, 0x00,
  0x18, 0x00, 0x00, 0x00, 0x32, 0xff, 0xff, 0xff, 0x04, 0x00, 0x00, 0x00,
  0x04, 0x00, 0x00, 0x00, 0xfd, 0xff, 0xff, 0xff, 0xa0, 0xcc, 0xff, 0xff,
  0xa4, 0xcc, 0xff, 0xff, 0x0f, 0x00, 0x00, 0x00, 0x4d, 0x4c, 0x49, 0x52,
  0x20, 0x43, 0x6f, 0x6e, 0x76, 0x65, 0x72, 0x74, 0x65, 0x64, 0x2e, 0x00,
  0x01, 0x00, 0x00, 0x00, 0x14, 0x00, 0x00, 0x00, 0x00, 0x00, 0x0e, 0x00,
  0x18, 0x00, 0x14, 0x00, 0x10, 0x00, 0x0c, 0x00, 0x08, 0x00, 0x04, 0x00,
  0x0e, 0x00, 0x00, 0x00, 0x14, 0x00, 0x00, 0x00, 0x1c, 0x00, 0x00, 0x00,
  0x78, 0x04, 0x00, 0x00, 0x7c, 0x04, 0x00, 0x00, 0x80, 0x04, 0x00, 0x00,
  0x04, 0x00, 0x00, 0x00, 0x6d, 0x61, 0x69, 0x6e, 0x00, 0x00, 0x00, 0x00,
  0x12, 0x00, 0x00, 0x00, 0x30, 0x04, 0x00, 0x00, 0xd0, 0x03, 0x00, 0x00,
  0x98, 0x03, 0x00, 0x00, 0x5c, 0x03, 0x00, 0x00, 0x0c, 0x03, 0x00, 0x00,
  0xb8, 0x02, 0x00, 0x00, 0x90, 0x02, 0x00, 0x00, 0x60, 0x02, 0x00, 0x00,
  0x0c, 0x02, 0x00, 0x00, 0xd4, 0x01, 0x00, 0x00, 0xa4, 0x01, 0x00, 0x00,
  0x60, 0x01, 0x00, 0x00, 0x18, 0x01, 0x00, 0x00, 0xf0, 0x00, 0x00, 0x00,
  0xbc, 0x00, 0x00, 0x00, 0x78, 0x00, 0x00, 0x00, 0x40, 0x00, 0x00, 0x00,
  0x04, 0x00, 0x00, 0x00, 0x2a, 0xfe, 0xff, 0xff, 0x1c, 0x00, 0x00, 0x00,
  0x00, 0x00, 0x00, 0x09, 0x1c, 0x00, 0x00, 0x00, 0x20, 0x00, 0x00, 0x00,
  0x07, 0x00, 0x00, 0x00, 0x00, 0x00, 0x06, 0x00, 0x08, 0x00, 0x04, 0x00,
  0x06, 0x00, 0x00, 0x00, 0x00, 0x00, 0x80, 0x3f, 0x01, 0x00, 0x00, 0x00,
  0x26, 0x00, 0x00, 0x00, 0x01, 0x00, 0x00, 0x00, 0x25, 0x00, 0x00, 0x00,
  0xba, 0xfc, 0xff, 0xff, 0x14, 0x00, 0x00, 0x00, 0x00, 0x00, 0x00, 0x08,
  0x10, 0x00, 0x00, 0x00, 0x14, 0x00, 0x00, 0x00, 0x06, 0x00, 0x00, 0x00,
  0x94, 0xcd, 0xff, 0xff, 0x01, 0x00, 0x00, 0x00, 0x25, 0x00, 0x00, 0x00,
  0x03, 0x00, 0x00, 0x00, 0x24, 0x00, 0x00, 0x00, 0x08, 0x00, 0x00, 0x00,
  0x07, 0x00, 0x00, 0x00, 0x96, 0xfe, 0xff, 0xff, 0x1c, 0x00, 0x00, 0x00,
  0x00, 0x00, 0x00, 0x08, 0x1c, 0x00, 0x00, 0x00, 0x20, 0x00, 0x00, 0x00,
  0x06, 0x00, 0x00, 0x00, 0x00, 0x00, 0x06, 0x00, 0x08, 0x00, 0x07, 0x00,
  0x06, 0x00, 0x00, 0x00, 0x00, 0x00, 0x00, 0x01, 0x01, 0x00, 0x00, 0x00,
  0x24, 0x00, 0x00, 0x00, 0x03, 0x00, 0x00, 0x00, 0x23, 0x00, 0x00, 0x00,
  0x0a, 0x00, 0x00, 0x00, 0x09, 0x00, 0x00, 0x00, 0x2e, 0xfd, 0xff, 0xff,
  0x14, 0x00, 0x00, 0x00, 0x00, 0x00, 0x00, 0x1b, 0x10, 0x00, 0x00, 0x00,
  0x14, 0x00, 0x00, 0x00, 0x05, 0x00, 0x00, 0x00, 0x08, 0xce, 0xff, 0xff,
  0x01, 0x00, 0x00, 0x00, 0x23, 0x00, 0x00, 0x00, 0x02, 0x00, 0x00, 0x00,
  0x22, 0x00, 0x00, 0x00, 0x03, 0x00, 0x00, 0x00, 0x8e, 0xfd, 0xff, 0xff,
  0x0c, 0x00, 0x00, 0x00, 0x10, 0x00, 0x00, 0x00, 0x02, 0x00, 0x00, 0x00,
  0x01, 0x00, 0x00, 0x00, 0x22, 0x00, 0x00, 0x00, 0x02, 0x00, 0x00, 0x00,
  0x21, 0x00, 0x00, 0x00, 0x06, 0x00, 0x00, 0x00, 0x82, 0xfd, 0xff, 0xff,
  0x14, 0x00, 0x00, 0x00, 0x00, 0x00, 0x00, 0x01, 0x20, 0x00, 0x00, 0x00,
  0x24, 0x00, 0x00, 0x00, 0x01, 0x00, 0x00, 0x00, 0x7c, 0xfe, 0xff, 0xff,
  0x00, 0x00, 0x00, 0x01, 0x01, 0x00, 0x00, 0x00, 0x01, 0x00, 0x00, 0x00,
  0x00, 0x00, 0x00, 0x01, 0x01, 0x00, 0x00, 0x00, 0x21, 0x00, 0x00, 0x00,
  0x03, 0x00, 0x00, 0x00, 0x20, 0x00, 0x00, 0x00, 0x0c, 0x00, 0x00, 0x00,
  0x0b, 0x00, 0x00, 0x00, 0xc6, 0xfd, 0xff, 0xff, 0x14, 0x00, 0x00, 0x00,
  0x00, 0x00, 0x00, 0x02, 0x1c, 0x00, 0x00, 0x00, 0x20, 0x00, 0x00, 0x00,
  0x03, 0x00, 0x00, 0x00, 0x70, 0xfe, 0xff, 0xff, 0x01, 0x00, 0x00, 0x00,
  0x01, 0x00, 0x00, 0x00, 0x01, 0x00, 0x00, 0x00, 0x01, 0x00, 0x00, 0x00,
  0x20, 0x00, 0x00, 0x00, 0x03, 0x00, 0x00, 0x00, 0x1f, 0x00, 0x00, 0x00,
  0x0e, 0x00, 0x00, 0x00, 0x0d, 0x00, 0x00, 0x00, 0xaa, 0xfd, 0xff, 0xff,
  0x10, 0x00, 0x00, 0x00, 0x00, 0x00, 0x00, 0x34, 0x0c, 0x00, 0x00, 0x00,
  0x10, 0x00, 0x00, 0x00, 0xdc, 0xce, 0xff, 0xff, 0x01, 0x00, 0x00, 0x00,
  0x1f, 0x00, 0x00, 0x00, 0x02, 0x00, 0x00, 0x00, 0x1e, 0x00, 0x00, 0x00,
  0x03, 0x00, 0x00, 0x00, 0x62, 0xfe, 0xff, 0xff, 0x0c, 0x00, 0x00, 0x00,
  0x10, 0x00, 0x00, 0x00, 0x02, 0x00, 0x00, 0x00, 0x01, 0x00, 0x00, 0x00,
  0x1e, 0x00, 0x00, 0x00, 0x02, 0x00, 0x00, 0x00, 0x1d, 0x00, 0x00, 0x00,
  0x05, 0x00, 0x00, 0x00, 0x00, 0x00, 0x0e, 0x00, 0x1a, 0x00, 0x14, 0x00,
  0x10, 0x00, 0x0c, 0x00, 0x0b, 0x00, 0x04, 0x00, 0x0e, 0x00, 0x00, 0x00,
  0x24, 0x00, 0x00, 0x00, 0x00, 0x00, 0x00, 0x05, 0x34, 0x00, 0x00, 0x00,
  0x38, 0x00, 0x00, 0x00, 0x04, 0x00, 0x00, 0x00, 0x00, 0x00, 0x0e, 0x00,
  0x18, 0x00, 0x17, 0x00, 0x10, 0x00, 0x0c, 0x00, 0x08, 0x00, 0x04, 0x00,
  0x0e, 0x00, 0x00, 0x00, 0x01, 0x00, 0x00, 0x00, 0x02, 0x00, 0x00, 0x00,
  0x01, 0x00, 0x00, 0x00, 0x02, 0x00, 0x00, 0x00, 0x00, 0x00, 0x00, 0x01,
  0x01, 0x00, 0x00, 0x00, 0x1d, 0x00, 0x00, 0x00, 0x01, 0x00, 0x00, 0x00,
  0x1c, 0x00, 0x00, 0x00, 0x5a, 0xfe, 0xff, 0xff, 0x10, 0x00, 0x00, 0x00,
  0x00, 0x00, 0x00, 0x34, 0x0c, 0x00, 0x00, 0x00, 0x10, 0x00, 0x00, 0x00,
  0x8c, 0xcf, 0xff, 0xff, 0x01, 0x00, 0x00, 0x00, 0x1c, 0x00, 0x00, 0x00,
  0x02, 0x00, 0x00, 0x00, 0x1b, 0x00, 0x00, 0x00, 0x03, 0x00, 0x00, 0x00,
  0x12, 0xff, 0xff, 0xff, 0x0c, 0x00, 0x00, 0x00, 0x10, 0x00, 0x00, 0x00,
  0x02, 0x00, 0x00, 0x00, 0x01, 0x00, 0x00, 0x00, 0x1b, 0x00, 0x00, 0x00,
  0x02, 0x00, 0x00, 0x00, 0x1a, 0x00, 0x00, 0x00, 0x04, 0x00, 0x00, 0x00,
  0x06, 0xff, 0xff, 0xff, 0x20, 0x00, 0x00, 0x00, 0x00, 0x00, 0x00, 0x01,
  0x2c, 0x00, 0x00, 0x00, 0x30, 0x00, 0x00, 0x00, 0x01, 0x00, 0x00, 0x00,
  0x0c, 0x00, 0x14, 0x00, 0x13, 0x00, 0x0c, 0x00, 0x08, 0x00, 0x07, 0x00,
  0x0c, 0x00, 0x00, 0x00, 0x00, 0x00, 0x00, 0x01, 0x01, 0x00, 0x00, 0x00,
  0x01, 0x00, 0x00, 0x00, 0x00, 0x00, 0x00, 0x01, 0x01, 0x00, 0x00, 0x00,
  0x1a, 0x00, 0x00, 0x00, 0x03, 0x00, 0x00, 0x00, 0x19, 0x00, 0x00, 0x00,
  0x10, 0x00, 0x00, 0x00, 0x0f, 0x00, 0x00, 0x00, 0x56, 0xff, 0xff, 0xff,
  0x20, 0x00, 0x00, 0x00, 0x00, 0x00, 0x00, 0x02, 0x28, 0x00, 0x00, 0x00,
  0x2c, 0x00, 0x00, 0x00, 0x03, 0x00, 0x00, 0x00, 0x0c, 0x00, 0x10, 0x00,
  0x00, 0x00, 0x0c, 0x00, 0x08, 0x00, 0x04, 0x00, 0x0c, 0x00, 0x00, 0x00,
  0x01, 0x00, 0x00, 0x00, 0x01, 0x00, 0x00, 0x00, 0x01, 0x00, 0x00, 0x00,
  0x01, 0x00, 0x00, 0x00, 0x19, 0x00, 0x00, 0x00, 0x03, 0x00, 0x00, 0x00,
  0x18, 0x00, 0x00, 0x00, 0x12, 0x00, 0x00, 0x00, 0x11, 0x00, 0x00, 0x00,
  0x46, 0xff, 0xff, 0xff, 0x10, 0x00, 0x00, 0x00, 0x00, 0x00, 0x00, 0x34,
  0x0c, 0x00, 0x00, 0x00, 0x10, 0x00, 0x00, 0x00, 0x78, 0xd0, 0xff, 0xff,
  0x01, 0x00, 0x00, 0x00, 0x18, 0x00, 0x00, 0x00, 0x02, 0x00, 0x00, 0x00,
  0x17, 0x00, 0x00, 0x00, 0x03, 0x00, 0x00, 0x00, 0x00, 0x00, 0x0a, 0x00,
  0x10, 0x00, 0x0c, 0x00, 0x08, 0x00, 0x04, 0x00, 0x0a, 0x00, 0x00, 0x00,
  0x0c, 0x00, 0x00, 0x00, 0x10, 0x00, 0x00, 0x00, 0x02, 0x00, 0x00, 0x00,
  0x01, 0x00, 0x00, 0x00, 0x17, 0x00, 0x00, 0x00, 0x02, 0x00, 0x00, 0x00,
  0x16, 0x00, 0x00, 0x00, 0x02, 0x00, 0x00, 0x00, 0x00, 0x00, 0x0e, 0x00,
  0x18, 0x00, 0x14, 0x00, 0x10, 0x00, 0x0c, 0x00, 0x0b, 0x00, 0x04, 0x00,
  0x0e, 0x00, 0x00, 0x00, 0x20, 0x00, 0x00, 0x00, 0x00, 0x00, 0x00, 0x01,
  0x28, 0x00, 0x00, 0x00, 0x2c, 0x00, 0x00, 0x00, 0x01, 0x00, 0x00, 0x00,
  0x0c, 0x00, 0x10, 0x00, 0x00, 0x00, 0x0c, 0x00, 0x08, 0x00, 0x07, 0x00,
  0x0c, 0x00, 0x00, 0x00, 0x00, 0x00, 0x00, 0x01, 0x01, 0x00, 0x00, 0x00,
  0x02, 0x00, 0x00, 0x00, 0x01, 0x00, 0x00, 0x00, 0x16, 0x00, 0x00, 0x00,
  0x03, 0x00, 0x00, 0x00, 0x15, 0x00, 0x00, 0x00, 0x14, 0x00, 0x00, 0x00,
  0x13, 0x00, 0x00, 0x00, 0x00, 0x00, 0x0e, 0x00, 0x14, 0x00, 0x00, 0x00,
  0x10, 0x00, 0x0c, 0x00, 0x0b, 0x00, 0x04, 0x00, 0x0e, 0x00, 0x00, 0x00,
  0x10, 0x00, 0x00, 0x00, 0x00, 0x00, 0x00, 0x34, 0x0c, 0x00, 0x00, 0x00,
  0x10, 0x00, 0x00, 0x00, 0x40, 0xd1, 0xff, 0xff, 0x01, 0x00, 0x00, 0x00,
  0x15, 0x00, 0x00, 0x00, 0x02, 0x00, 0x00, 0x00, 0x00, 0x00, 0x00, 0x00,
  0x01, 0x00, 0x00, 0x00, 0x01, 0x00, 0x00, 0x00, 0x26, 0x00, 0x00, 0x00,
  0x01, 0x00, 0x00, 0x00, 0x00, 0x00, 0x00, 0x00, 0x27, 0x00, 0x00, 0x00,
  0xcc, 0x2e, 0x00, 0x00, 0x74, 0x2e, 0x00, 0x00, 0x1c, 0x2e, 0x00, 0x00,
  0xe0, 0x2d, 0x00, 0x00, 0xa0, 0x2d, 0x00, 0x00, 0x60, 0x2d, 0x00, 0x00,
  0x20, 0x2d, 0x00, 0x00, 0xa8, 0x2c, 0x00, 0x00, 0x2c, 0x2c, 0x00, 0x00,
  0x58, 0x2a, 0x00, 0x00, 0x7c, 0x28, 0x00, 0x00, 0x28, 0x25, 0x00, 0x00,
  0xc4, 0x21, 0x00, 0x00, 0x30, 0x1f, 0x00, 0x00, 0x74, 0x1c, 0x00, 0x00,
  0xc8, 0x19, 0x00, 0x00, 0x24, 0x17, 0x00, 0x00, 0xb0, 0x15, 0x00, 0x00,
  0x28, 0x14, 0x00, 0x00, 0xb0, 0x12, 0x00, 0x00, 0x2c, 0x11, 0x00, 0x00,
  0x80, 0x10, 0x00, 0x00, 0xcc, 0x0e, 0x00, 0x00, 0x4c, 0x0d, 0x00, 0x00,
  0xac, 0x0c, 0x00, 0x00, 0x00, 0x0c, 0x00, 0x00, 0x54, 0x0a, 0x00, 0x00,
  0xe4, 0x08, 0x00, 0x00, 0x3c, 0x08, 0x00, 0x00, 0xa0, 0x07, 0x00, 0x00,
  0x00, 0x07, 0x00, 0x00, 0x60, 0x06, 0x00, 0x00, 0xb4, 0x05, 0x00, 0x00,
  0x08, 0x04, 0x00, 0x00, 0x98, 0x02, 0x00, 0x00, 0x10, 0x02, 0x00, 0x00,
  0x34, 0x01, 0x00, 0x00, 0x80, 0x00, 0x00, 0x00, 0x04, 0x00, 0x00, 0x00,
  0xe6, 0xd1, 0xff, 0xff, 0x00, 0x00, 0x00, 0x01, 0x18, 0x00, 0x00, 0x00,
  0x20, 0x00, 0x00, 0x00, 0x3c, 0x00, 0x00, 0x00, 0x27, 0x00, 0x00, 0x00,
  0x00, 0x00, 0x00, 0x09, 0x50, 0x00, 0x00, 0x00, 0x02, 0x00, 0x00, 0x00,
  0xff, 0xff, 0xff, 0xff, 0x03, 0x00, 0x00, 0x00, 0xcc, 0xd1, 0xff, 0xff,
  0x08, 0x00, 0x00, 0x00, 0x10, 0x00, 0x00, 0x00, 0x01, 0x00, 0x00, 0x00,
  0x80, 0xff, 0xff, 0xff, 0xff, 0xff, 0xff, 0xff, 0x01, 0x00, 0x00, 0x00,
  0x00, 0x00, 0x80, 0x3b, 0x1b, 0x00, 0x00, 0x00, 0x53, 0x74, 0x61, 0x74,
  0x65, 0x66, 0x75, 0x6c, 0x50, 0x61, 0x72, 0x74, 0x69, 0x74, 0x69, 0x6f,
  0x6e, 0x65, 0x64, 0x43, 0x61, 0x6c, 0x6c, 0x5f, 0x31, 0x3a, 0x30, 0x00,
  0x02, 0x00, 0x00, 0x00, 0x01, 0x00, 0x00, 0x00, 0x03, 0x00, 0x00, 0x00,
  0x5e, 0xd2, 0xff, 0xff, 0x00, 0x00, 0x00, 0x01, 0x18, 0x00, 0x00, 0x00,
  0x20, 0x00, 0x00, 0x00, 0x40, 0x00, 0x00, 0x00, 0x26, 0x00, 0x00, 0x00,
  0x00, 0x00, 0x00, 0x09, 0x88, 0x00, 0x00, 0x00, 0x02, 0x00, 0x00, 0x00,
  0xff, 0xff, 0xff, 0xff, 0x03, 0x00, 0x00, 0x00, 0x44, 0xd2, 0xff, 0xff,
  0x08, 0x00, 0x00, 0x00, 0x14, 0x00, 0x00, 0x00, 0x01, 0x00, 0x00, 0x00,
  0x1f, 0x00, 0x00, 0x00, 0x00, 0x00, 0x00, 0x00, 0x00, 0x00, 0x00, 0x00,
  0x01, 0x00, 0x00, 0x00, 0xd6, 0x3f, 0xdd, 0x3d, 0x4e, 0x00, 0x00, 0x00,
  0x70, 0x72, 0x6f, 0x70, 0x6f, 0x73, 0x65, 0x64, 0x5f, 0x73, 0x65, 0x70,
  0x61, 0x72, 0x61, 0x62, 0x6c, 0x65, 0x5f, 0x63, 0x6e, 0x6e, 0x5f, 0x31,
  0x2f, 0x68, 0x65, 0x61, 0x64, 0x5f, 0x31, 0x2f, 0x4d, 0x61, 0x74, 0x4d,
  0x75, 0x6c, 0x3b, 0x70, 0x72, 0x6f, 0x70, 0x6f, 0x73, 0x65, 0x64, 0x5f,
  0x73, 0x65, 0x70, 0x61, 0x72, 0x61, 0x62, 0x6c, 0x65, 0x5f, 0x63, 0x6e,
  0x6e, 0x5f, 0x31, 0x2f, 0x68, 0x65, 0x61, 0x64, 0x5f, 0x31, 0x2f, 0x42,
  0x69, 0x61, 0x73, 0x41, 0x64, 0x64, 0x00, 0x00, 0x02, 0x00, 0x00, 0x00,
  0x01, 0x00, 0x00, 0x00, 0x03, 0x00, 0x00, 0x00, 0x0e, 0xd3, 0xff, 0xff,
  0x00, 0x00, 0x00, 0x01, 0x18, 0x00, 0x00, 0x00, 0x20, 0x00, 0x00, 0x00,
  0x3c, 0x00, 0x00, 0x00, 0x25, 0x00, 0x00, 0x00, 0x00, 0x00, 0x00, 0x09,
  0xb0, 0x00, 0x00, 0x00, 0x02, 0x00, 0x00, 0x00, 0xff, 0xff, 0xff, 0xff,
  0x20, 0x00, 0x00, 0x00, 0xf4, 0xd2, 0xff, 0xff, 0x08, 0x00, 0x00, 0x00,
  0x10, 0x00, 0x00, 0x00, 0x01, 0x00, 0x00, 0x00, 0x80, 0xff, 0xff, 0xff,
  0xff, 0xff, 0xff, 0xff, 0x01, 0x00, 0x00, 0x00, 0xe1, 0x49, 0x3c, 0x3c,
  0x79, 0x00, 0x00, 0x00, 0x70, 0x72, 0x6f, 0x70, 0x6f, 0x73, 0x65, 0x64,
  0x5f, 0x73, 0x65, 0x70, 0x61, 0x72, 0x61, 0x62, 0x6c, 0x65, 0x5f, 0x63,
  0x6e, 0x6e, 0x5f, 0x31, 0x2f, 0x64, 0x65, 0x6e, 0x73, 0x65, 0x31, 0x5f,
  0x31, 0x2f, 0x4d, 0x61, 0x74, 0x4d, 0x75, 0x6c, 0x3b, 0x70, 0x72, 0x6f,
  0x70, 0x6f, 0x73, 0x65, 0x64, 0x5f, 0x73, 0x65, 0x70, 0x61, 0x72, 0x61,
  0x62, 0x6c, 0x65, 0x5f, 0x63, 0x6e, 0x6e, 0x5f, 0x31, 0x2f, 0x64, 0x65,
  0x6e, 0x73, 0x65, 0x31, 0x5f, 0x31, 0x2f, 0x52, 0x65, 0x6c, 0x75, 0x3b,
  0x70, 0x72, 0x6f, 0x70, 0x6f, 0x73, 0x65, 0x64, 0x5f, 0x73, 0x65, 0x70,
  0x61, 0x72, 0x61, 0x62, 0x6c, 0x65, 0x5f, 0x63, 0x6e, 0x6e, 0x5f, 0x31,
  0x2f, 0x64, 0x65, 0x6e, 0x73, 0x65, 0x31, 0x5f, 0x31, 0x2f, 0x42, 0x69,
  0x61, 0x73, 0x41, 0x64, 0x64, 0x00, 0x00, 0x00, 0x02, 0x00, 0x00, 0x00,
  0x01, 0x00, 0x00, 0x00, 0x20, 0x00, 0x00, 0x00, 0xe6, 0xd3, 0xff, 0xff,
  0x00, 0x00, 0x00, 0x01, 0x18, 0x00, 0x00, 0x00, 0x20, 0x00, 0x00, 0x00,
  0x40, 0x00, 0x00, 0x00, 0x24, 0x00, 0x00, 0x00, 0x00, 0x00, 0x00, 0x09,
  0x5c, 0x00, 0x00, 0x00, 0x02, 0x00, 0x00, 0x00, 0xff, 0xff, 0xff, 0xff,
  0x40, 0x00, 0x00, 0x00, 0xcc, 0xd3, 0xff, 0xff, 0x08, 0x00, 0x00, 0x00,
  0x14, 0x00, 0x00, 0x00, 0x01, 0x00, 0x00, 0x00, 0x80, 0xff, 0xff, 0xff,
  0xff, 0xff, 0xff, 0xff, 0x00, 0x00, 0x00, 0x00, 0x01, 0x00, 0x00, 0x00,
  0x31, 0x4e, 0x08, 0x3c, 0x23, 0x00, 0x00, 0x00, 0x70, 0x72, 0x6f, 0x70,
  0x6f, 0x73, 0x65, 0x64, 0x5f, 0x73, 0x65, 0x70, 0x61, 0x72, 0x61, 0x62,
  0x6c, 0x65, 0x5f, 0x63, 0x6e, 0x6e, 0x5f, 0x31, 0x2f, 0x67, 0x61, 0x70,
  0x5f, 0x31, 0x2f, 0x4d, 0x65, 0x61, 0x6e, 0x00, 0x02, 0x00, 0x00, 0x00,
  0x01, 0x00, 0x00, 0x00, 0x40, 0x00, 0x00, 0x00, 0x6a, 0xd4, 0xff, 0xff,
  0x00, 0x00, 0x00, 0x01, 0x18, 0x00, 0x00, 0x00, 0x24, 0x00, 0x00, 0x00,
  0x40, 0x00, 0x00, 0x00, 0x23, 0x00, 0x00, 0x00, 0x00, 0x00, 0x00, 0x09,
  0x40, 0x01, 0x00, 0x00, 0x03, 0x00, 0x00, 0x00, 0xff, 0xff, 0xff, 0xff,
  0x19, 0x00, 0x00, 0x00, 0x40, 0x00, 0x00, 0x00, 0x54, 0xd4, 0xff, 0xff,
  0x08, 0x00, 0x00, 0x00, 0x10, 0x00, 0x00, 0x00, 0x01, 0x00, 0x00, 0x00,
  0x80, 0xff, 0xff, 0xff, 0xff, 0xff, 0xff, 0xff, 0x01, 0x00, 0x00, 0x00,
  0xd7, 0x0f, 0x25, 0x3d, 0x05, 0x01, 0x00, 0x00, 0x70, 0x72, 0x6f, 0x70,
  0x6f, 0x73, 0x65, 0x64, 0x5f, 0x73, 0x65, 0x70, 0x61, 0x72, 0x61, 0x62,
  0x6c, 0x65, 0x5f, 0x63, 0x6e, 0x6e, 0x5f, 0x31, 0x2f, 0x72, 0x65, 0x6c,
  0x75, 0x33, 0x5f, 0x31, 0x2f, 0x52, 0x65, 0x6c, 0x75, 0x3b, 0x70, 0x72,
  0x6f, 0x70, 0x6f, 0x73, 0x65, 0x64, 0x5f, 0x73, 0x65, 0x70, 0x61, 0x72,
  0x61, 0x62, 0x6c, 0x65, 0x5f, 0x63, 0x6e, 0x6e, 0x5f, 0x31, 0x2f, 0x62,
  0x6e, 0x33, 0x5f, 0x31, 0x2f, 0x62, 0x61, 0x74, 0x63, 0x68, 0x6e, 0x6f,
  0x72, 0x6d, 0x2f, 0x61, 0x64, 0x64, 0x5f, 0x31, 0x3b, 0x70, 0x72, 0x6f,
  0x70, 0x6f, 0x73, 0x65, 0x64, 0x5f, 0x73, 0x65, 0x70, 0x61, 0x72, 0x61,
  0x62, 0x6c, 0x65, 0x5f, 0x63, 0x6e, 0x6e, 0x5f, 0x31, 0x2f, 0x73, 0x65,
  0x70, 0x32, 0x5f, 0x31, 0x2f, 0x53, 0x71, 0x75, 0x65, 0x65, 0x7a, 0x65,
  0x3b, 0x70, 0x72, 0x6f, 0x70, 0x6f, 0x73, 0x65, 0x64, 0x5f, 0x73, 0x65,
  0x70, 0x61, 0x72, 0x61, 0x62, 0x6c, 0x65, 0x5f, 0x63, 0x6e, 0x6e, 0x5f,
  0x31, 0x2f, 0x62, 0x6e, 0x33, 0x5f, 0x31, 0x2f, 0x62, 0x61, 0x74, 0x63,
  0x68, 0x6e, 0x6f, 0x72, 0x6d, 0x2f, 0x6d, 0x75, 0x6c, 0x5f, 0x31, 0x3b,
  0x70, 0x72, 0x6f, 0x70, 0x6f, 0x73, 0x65, 0x64, 0x5f, 0x73, 0x65, 0x70,
  0x61, 0x72, 0x61, 0x62, 0x6c, 0x65, 0x5f, 0x63, 0x6e, 0x6e, 0x5f, 0x31,
  0x2f, 0x62, 0x6e, 0x33, 0x5f, 0x31, 0x2f, 0x62, 0x61, 0x74, 0x63, 0x68,
  0x6e, 0x6f, 0x72, 0x6d, 0x2f, 0x6d, 0x75, 0x6c, 0x3b, 0x70, 0x72, 0x6f,
  0x70, 0x6f, 0x73, 0x65, 0x64, 0x5f, 0x73, 0x65, 0x70, 0x61, 0x72, 0x61,
  0x62, 0x6c, 0x65, 0x5f, 0x63, 0x6e, 0x6e, 0x5f, 0x31, 0x2f, 0x62, 0x6e,
  0x33, 0x5f, 0x31, 0x2f, 0x62, 0x61, 0x74, 0x63, 0x68, 0x6e, 0x6f, 0x72,
  0x6d, 0x2f, 0x73, 0x75, 0x62, 0x00, 0x00, 0x00, 0x03, 0x00, 0x00, 0x00,
  0x01, 0x00, 0x00, 0x00, 0x19, 0x00, 0x00, 0x00, 0x40, 0x00, 0x00, 0x00,
  0xd6, 0xd5, 0xff, 0xff, 0x00, 0x00, 0x00, 0x01, 0x18, 0x00, 0x00, 0x00,
  0x28, 0x00, 0x00, 0x00, 0x48, 0x00, 0x00, 0x00, 0x22, 0x00, 0x00, 0x00,
  0x00, 0x00, 0x00, 0x09, 0x78, 0x01, 0x00, 0x00, 0x04, 0x00, 0x00, 0x00,
  0xff, 0xff, 0xff, 0xff, 0x01, 0x00, 0x00, 0x00, 0x19, 0x00, 0x00, 0x00,
  0x40, 0x00, 0x00, 0x00, 0xc4, 0xd5, 0xff, 0xff, 0x08, 0x00, 0x00, 0x00,
  0x14, 0x00, 0x00, 0x00, 0x01, 0x00, 0x00, 0x00, 0x80, 0xff, 0xff, 0xff,
  0xff, 0xff, 0xff, 0xff, 0x00, 0x00, 0x00, 0x00, 0x01, 0x00, 0x00, 0x00,
  0xd7, 0x0f, 0x25, 0x3d, 0x36, 0x01, 0x00, 0x00, 0x70, 0x72, 0x6f, 0x70,
  0x6f, 0x73, 0x65, 0x64, 0x5f, 0x73, 0x65, 0x70, 0x61, 0x72, 0x61, 0x62,
  0x6c, 0x65, 0x5f, 0x63, 0x6e, 0x6e, 0x5f, 0x31, 0x2f, 0x72, 0x65, 0x6c,
  0x75, 0x33, 0x5f, 0x31, 0x2f, 0x52, 0x65, 0x6c, 0x75, 0x3b, 0x70, 0x72,
  0x6f, 0x70, 0x6f, 0x73, 0x65, 0x64, 0x5f, 0x73, 0x65, 0x70, 0x61, 0x72,
  0x61, 0x62, 0x6c, 0x65, 0x5f, 0x63, 0x6e, 0x6e, 0x5f, 0x31, 0x2f, 0x62,
  0x6e, 0x33, 0x5f, 0x31, 0x2f, 0x62, 0x61, 0x74, 0x63, 0x68, 0x6e, 0x6f,
  0x72, 0x6d, 0x2f, 0x61, 0x64, 0x64, 0x5f, 0x31, 0x3b, 0x70, 0x72, 0x6f,
  0x70, 0x6f, 0x73, 0x65, 0x64, 0x5f, 0x73, 0x65, 0x70, 0x61, 0x72, 0x61,
  0x62, 0x6c, 0x65, 0x5f, 0x63, 0x6e, 0x6e, 0x5f, 0x31, 0x2f, 0x73, 0x65,
  0x70, 0x32, 0x5f, 0x31, 0x2f, 0x53, 0x71, 0x75, 0x65, 0x65, 0x7a, 0x65,
  0x3b, 0x70, 0x72, 0x6f, 0x70, 0x6f, 0x73, 0x65, 0x64, 0x5f, 0x73, 0x65,
  0x70, 0x61, 0x72, 0x61, 0x62, 0x6c, 0x65, 0x5f, 0x63, 0x6e, 0x6e, 0x5f,
  0x31, 0x2f, 0x62, 0x6e, 0x33, 0x5f, 0x31, 0x2f, 0x62, 0x61, 0x74, 0x63,
  0x68, 0x6e, 0x6f, 0x72, 0x6d, 0x2f, 0x6d, 0x75, 0x6c, 0x5f, 0x31, 0x3b,
  0x70, 0x72, 0x6f, 0x70, 0x6f, 0x73, 0x65, 0x64, 0x5f, 0x73, 0x65, 0x70,
  0x61, 0x72, 0x61, 0x62, 0x6c, 0x65, 0x5f, 0x63, 0x6e, 0x6e, 0x5f, 0x31,
  0x2f, 0x62, 0x6e, 0x33, 0x5f, 0x31, 0x2f, 0x62, 0x61, 0x74, 0x63, 0x68,
  0x6e, 0x6f, 0x72, 0x6d, 0x2f, 0x6d, 0x75, 0x6c, 0x3b, 0x70, 0x72, 0x6f,
  0x70, 0x6f, 0x73, 0x65, 0x64, 0x5f, 0x73, 0x65, 0x70, 0x61, 0x72, 0x61,
  0x62, 0x6c, 0x65, 0x5f, 0x63, 0x6e, 0x6e, 0x5f, 0x31, 0x2f, 0x62, 0x6e,
  0x33, 0x5f, 0x31, 0x2f, 0x62, 0x61, 0x74, 0x63, 0x68, 0x6e, 0x6f, 0x72,
  0x6d, 0x2f, 0x73, 0x75, 0x62, 0x3b, 0x70, 0x72, 0x6f, 0x70, 0x6f, 0x73,
  0x65, 0x64, 0x5f, 0x73, 0x65, 0x70, 0x61, 0x72, 0x61, 0x62, 0x6c, 0x65,
  0x5f, 0x63, 0x6e, 0x6e, 0x5f, 0x31, 0x2f, 0x73, 0x65, 0x70, 0x32, 0x5f,
  0x31, 0x2f, 0x73, 0x65, 0x70, 0x61, 0x72, 0x61, 0x62, 0x6c, 0x65, 0x5f,
  0x63, 0x6f, 0x6e, 0x76, 0x32, 0x64, 0x00, 0x00, 0x04, 0x00, 0x00, 0x00,
  0x01, 0x00, 0x00, 0x00, 0x01, 0x00, 0x00, 0x00, 0x19, 0x00, 0x00, 0x00,
  0x40, 0x00, 0x00, 0x00, 0x7e, 0xd7, 0xff, 0xff, 0x00, 0x00, 0x00, 0x01,
  0x18, 0x00, 0x00, 0x00, 0x28, 0x00, 0x00, 0x00, 0x44, 0x00, 0x00, 0x00,
  0x21, 0x00, 0x00, 0x00, 0x00, 0x00, 0x00, 0x09, 0x78, 0x00, 0x00, 0x00,
  0x04, 0x00, 0x00, 0x00, 0xff, 0xff, 0xff, 0xff, 0x01, 0x00, 0x00, 0x00,
  0x19, 0x00, 0x00, 0x00, 0x30, 0x00, 0x00, 0x00, 0x6c, 0xd7, 0xff, 0xff,
  0x08, 0x00, 0x00, 0x00, 0x10, 0x00, 0x00, 0x00, 0x01, 0x00, 0x00, 0x00,
  0x07, 0x00, 0x00, 0x00, 0x00, 0x00, 0x00, 0x00, 0x01, 0x00, 0x00, 0x00,
  0x32, 0xfc, 0xca, 0x3c, 0x3a, 0x00, 0x00, 0x00, 0x70, 0x72, 0x6f, 0x70,
  0x6f, 0x73, 0x65, 0x64, 0x5f, 0x73, 0x65, 0x70, 0x61, 0x72, 0x61, 0x62,
  0x6c, 0x65, 0x5f, 0x63, 0x6e, 0x6e, 0x5f, 0x31, 0x2f, 0x73, 0x65, 0x70,
  0x32, 0x5f, 0x31, 0x2f, 0x73, 0x65, 0x70, 0x61, 0x72, 0x61, 0x62, 0x6c,
  0x65, 0x5f, 0x63, 0x6f, 0x6e, 0x76, 0x32, 0x64, 0x2f, 0x64, 0x65, 0x70,
  0x74, 0x68, 0x77, 0x69, 0x73, 0x65, 0x00, 0x00, 0x04, 0x00, 0x00, 0x00,
  0x01, 0x00, 0x00, 0x00, 0x01, 0x00, 0x00, 0x00, 0x19, 0x00, 0x00, 0x00,
  0x30, 0x00, 0x00, 0x00, 0x26, 0xd8, 0xff, 0xff, 0x00, 0x00, 0x00, 0x01,
  0x18, 0x00, 0x00, 0x00, 0x28, 0x00, 0x00, 0x00, 0x48, 0x00, 0x00, 0x00,
  0x20, 0x00, 0x00, 0x00, 0x00, 0x00, 0x00, 0x09, 0x6c, 0x00, 0x00, 0x00,
  0x04, 0x00, 0x00, 0x00, 0xff, 0xff, 0xff, 0xff, 0x01, 0x00, 0x00, 0x00,
  0x19, 0x00, 0x00, 0x00, 0x30, 0x00, 0x00, 0x00, 0x14, 0xd8, 0xff, 0xff,
  0x08, 0x00, 0x00, 0x00, 0x14, 0x00, 0x00, 0x00, 0x01, 0x00, 0x00, 0x00,
  0x80, 0xff, 0xff, 0xff, 0xff, 0xff, 0xff, 0xff, 0x00, 0x00, 0x00, 0x00,
  0x01, 0x00, 0x00, 0x00, 0xec, 0x02, 0x19, 0x3d, 0x2a, 0x00, 0x00, 0x00,
  0x70, 0x72, 0x6f, 0x70, 0x6f, 0x73, 0x65, 0x64, 0x5f, 0x73, 0x65, 0x70,
  0x61, 0x72, 0x61, 0x62, 0x6c, 0x65, 0x5f, 0x63, 0x6e, 0x6e, 0x5f, 0x31,
  0x2f, 0x73, 0x65, 0x70, 0x32, 0x5f, 0x31, 0x2f, 0x45, 0x78, 0x70, 0x61,
  0x6e, 0x64, 0x44, 0x69, 0x6d, 0x73, 0x00, 0x00, 0x04, 0x00, 0x00, 0x00,
  0x01, 0x00, 0x00, 0x00, 0x01, 0x00, 0x00, 0x00, 0x19, 0x00, 0x00, 0x00,
  0x30, 0x00, 0x00, 0x00, 0xc2, 0xd8, 0xff, 0xff, 0x00, 0x00, 0x00, 0x01,
  0x18, 0x00, 0x00, 0x00, 0x24, 0x00, 0x00, 0x00, 0x44, 0x00, 0x00, 0x00,
  0x1f, 0x00, 0x00, 0x00, 0x00, 0x00, 0x00, 0x09, 0x70, 0x00, 0x00, 0x00,
  0x03, 0x00, 0x00, 0x00, 0xff, 0xff, 0xff, 0xff, 0x19, 0x00, 0x00, 0x00,
  0x30, 0x00, 0x00, 0x00, 0xac, 0xd8, 0xff, 0xff, 0x08, 0x00, 0x00, 0x00,
  0x14, 0x00, 0x00, 0x00, 0x01, 0x00, 0x00, 0x00, 0x80, 0xff, 0xff, 0xff,
  0xff, 0xff, 0xff, 0xff, 0x00, 0x00, 0x00, 0x00, 0x01, 0x00, 0x00, 0x00,
  0xec, 0x02, 0x19, 0x3d, 0x32, 0x00, 0x00, 0x00, 0x70, 0x72, 0x6f, 0x70,
  0x6f, 0x73, 0x65, 0x64, 0x5f, 0x73, 0x65, 0x70, 0x61, 0x72, 0x61, 0x62,
  0x6c, 0x65, 0x5f, 0x63, 0x6e, 0x6e, 0x5f, 0x31, 0x2f, 0x70, 0x6f, 0x6f,
  0x6c, 0x31, 0x5f, 0x31, 0x2f, 0x4d, 0x61, 0x78, 0x50, 0x6f, 0x6f, 0x6c,
  0x31, 0x64, 0x2f, 0x53, 0x71, 0x75, 0x65, 0x65, 0x7a, 0x65, 0x00, 0x00,
  0x03, 0x00, 0x00, 0x00, 0x01, 0x00, 0x00, 0x00, 0x19, 0x00, 0x00, 0x00,
  0x30, 0x00, 0x00, 0x00, 0x5e, 0xd9, 0xff, 0xff, 0x00, 0x00, 0x00, 0x01,
  0x18, 0x00, 0x00, 0x00, 0x28, 0x00, 0x00, 0x00, 0x44, 0x00, 0x00, 0x00,
  0x1e, 0x00, 0x00, 0x00, 0x00, 0x00, 0x00, 0x09, 0x68, 0x00, 0x00, 0x00,
  0x04, 0x00, 0x00, 0x00, 0xff, 0xff, 0xff, 0xff, 0x01, 0x00, 0x00, 0x00,
  0x19, 0x00, 0x00, 0x00, 0x30, 0x00, 0x00, 0x00, 0x4c, 0xd9, 0xff, 0xff,
  0x08, 0x00, 0x00, 0x00, 0x10, 0x00, 0x00, 0x00, 0x01, 0x00, 0x00, 0x00,
  0x80, 0xff, 0xff, 0xff, 0xff, 0xff, 0xff, 0xff, 0x01, 0x00, 0x00, 0x00,
  0xec, 0x02, 0x19, 0x3d, 0x2a, 0x00, 0x00, 0x00, 0x70, 0x72, 0x6f, 0x70,
  0x6f, 0x73, 0x65, 0x64, 0x5f, 0x73, 0x65, 0x70, 0x61, 0x72, 0x61, 0x62,
  0x6c, 0x65, 0x5f, 0x63, 0x6e, 0x6e, 0x5f, 0x31, 0x2f, 0x70, 0x6f, 0x6f,
  0x6c, 0x31, 0x5f, 0x31, 0x2f, 0x4d, 0x61, 0x78, 0x50, 0x6f, 0x6f, 0x6c,
  0x31, 0x64, 0x00, 0x00, 0x04, 0x00, 0x00, 0x00, 0x01, 0x00, 0x00, 0x00,
  0x01, 0x00, 0x00, 0x00, 0x19, 0x00, 0x00, 0x00, 0x30, 0x00, 0x00, 0x00,
  0xf6, 0xd9, 0xff, 0xff, 0x00, 0x00, 0x00, 0x01, 0x18, 0x00, 0x00, 0x00,
  0x28, 0x00, 0x00, 0x00, 0x44, 0x00, 0x00, 0x00, 0x1d, 0x00, 0x00, 0x00,
  0x00, 0x00, 0x00, 0x09, 0x74, 0x00, 0x00, 0x00, 0x04, 0x00, 0x00, 0x00,
  0xff, 0xff, 0xff, 0xff, 0x01, 0x00, 0x00, 0x00, 0x32, 0x00, 0x00, 0x00,
  0x30, 0x00, 0x00, 0x00, 0xe4, 0xd9, 0xff, 0xff, 0x08, 0x00, 0x00, 0x00,
  0x10, 0x00, 0x00, 0x00, 0x01, 0x00, 0x00, 0x00, 0x80, 0xff, 0xff, 0xff,
  0xff, 0xff, 0xff, 0xff, 0x01, 0x00, 0x00, 0x00, 0xec, 0x02, 0x19, 0x3d,
  0x35, 0x00, 0x00, 0x00, 0x70, 0x72, 0x6f, 0x70, 0x6f, 0x73, 0x65, 0x64,
  0x5f, 0x73, 0x65, 0x70, 0x61, 0x72, 0x61, 0x62, 0x6c, 0x65, 0x5f, 0x63,
  0x6e, 0x6e, 0x5f, 0x31, 0x2f, 0x70, 0x6f, 0x6f, 0x6c, 0x31, 0x5f, 0x31,
  0x2f, 0x4d, 0x61, 0x78, 0x50, 0x6f, 0x6f, 0x6c, 0x31, 0x64, 0x2f, 0x45,
  0x78, 0x70, 0x61, 0x6e, 0x64, 0x44, 0x69, 0x6d, 0x73, 0x00, 0x00, 0x00,
  0x04, 0x00, 0x00, 0x00, 0x01, 0x00, 0x00, 0x00, 0x01, 0x00, 0x00, 0x00,
  0x32, 0x00, 0x00, 0x00, 0x30, 0x00, 0x00, 0x00, 0x9a, 0xda, 0xff, 0xff,
  0x00, 0x00, 0x00, 0x01, 0x18, 0x00, 0x00, 0x00, 0x24, 0x00, 0x00, 0x00,
  0x40, 0x00, 0x00, 0x00, 0x1c, 0x00, 0x00, 0x00, 0x00, 0x00, 0x00, 0x09,
  0x40, 0x01, 0x00, 0x00, 0x03, 0x00, 0x00, 0x00, 0xff, 0xff, 0xff, 0xff,
  0x32, 0x00, 0x00, 0x00, 0x30, 0x00, 0x00, 0x00, 0x84, 0xda, 0xff, 0xff,
  0x08, 0x00, 0x00, 0x00, 0x10, 0x00, 0x00, 0x00, 0x01, 0x00, 0x00, 0x00,
  0x80, 0xff, 0xff, 0xff, 0xff, 0xff, 0xff, 0xff, 0x01, 0x00, 0x00, 0x00,
  0xec, 0x02, 0x19, 0x3d, 0x05, 0x01, 0x00, 0x00, 0x70, 0x72, 0x6f, 0x70,
  0x6f, 0x73, 0x65, 0x64, 0x5f, 0x73, 0x65, 0x70, 0x61, 0x72, 0x61, 0x62,
  0x6c, 0x65, 0x5f, 0x63, 0x6e, 0x6e, 0x5f, 0x31, 0x2f, 0x72, 0x65, 0x6c,
  0x75, 0x32, 0x5f, 0x31, 0x2f, 0x52, 0x65, 0x6c, 0x75, 0x3b, 0x70, 0x72,
  0x6f, 0x70, 0x6f, 0x73, 0x65, 0x64, 0x5f, 0x73, 0x65, 0x70, 0x61, 0x72,
  0x61, 0x62, 0x6c, 0x65, 0x5f, 0x63, 0x6e, 0x6e, 0x5f, 0x31, 0x2f, 0x62,
  0x6e, 0x32, 0x5f, 0x31, 0x2f, 0x62, 0x61, 0x74, 0x63, 0x68, 0x6e, 0x6f,
  0x72, 0x6d, 0x2f, 0x61, 0x64, 0x64, 0x5f, 0x31, 0x3b, 0x70, 0x72, 0x6f,
  0x70, 0x6f, 0x73, 0x65, 0x64, 0x5f, 0x73, 0x65, 0x70, 0x61, 0x72, 0x61,
  0x62, 0x6c, 0x65, 0x5f, 0x63, 0x6e, 0x6e, 0x5f, 0x31, 0x2f, 0x73, 0x65,
  0x70, 0x31, 0x5f, 0x31, 0x2f, 0x53, 0x71, 0x75, 0x65, 0x65, 0x7a, 0x65,
  0x3b, 0x70, 0x72, 0x6f, 0x70, 0x6f, 0x73, 0x65, 0x64, 0x5f, 0x73, 0x65,
  0x70, 0x61, 0x72, 0x61, 0x62, 0x6c, 0x65, 0x5f, 0x63, 0x6e, 0x6e, 0x5f,
  0x31, 0x2f, 0x62, 0x6e, 0x32, 0x5f, 0x31, 0x2f, 0x62, 0x61, 0x74, 0x63,
  0x68, 0x6e, 0x6f, 0x72, 0x6d, 0x2f, 0x6d, 0x75, 0x6c, 0x5f, 0x31, 0x3b,
  0x70, 0x72, 0x6f, 0x70, 0x6f, 0x73, 0x65, 0x64, 0x5f, 0x73, 0x65, 0x70,
  0x61, 0x72, 0x61, 0x62, 0x6c, 0x65, 0x5f, 0x63, 0x6e, 0x6e, 0x5f, 0x31,
  0x2f, 0x62, 0x6e, 0x32, 0x5f, 0x31, 0x2f, 0x62, 0x61, 0x74, 0x63, 0x68,
  0x6e, 0x6f, 0x72, 0x6d, 0x2f, 0x6d, 0x75, 0x6c, 0x3b, 0x70, 0x72, 0x6f,
  0x70, 0x6f, 0x73, 0x65, 0x64, 0x5f, 0x73, 0x65, 0x70, 0x61, 0x72, 0x61,
  0x62, 0x6c, 0x65, 0x5f, 0x63, 0x6e, 0x6e, 0x5f, 0x31, 0x2f, 0x62, 0x6e,
  0x32, 0x5f, 0x31, 0x2f, 0x62, 0x61, 0x74, 0x63, 0x68, 0x6e, 0x6f, 0x72,
  0x6d, 0x2f, 0x73, 0x75, 0x62, 0x00, 0x00, 0x00, 0x03, 0x00, 0x00, 0x00,
  0x01, 0x00, 0x00, 0x00, 0x32, 0x00, 0x00, 0x00, 0x30, 0x00, 0x00, 0x00,
  0x06, 0xdc, 0xff, 0xff, 0x00, 0x00, 0x00, 0x01, 0x18, 0x00, 0x00, 0x00,
  0x28, 0x00, 0x00, 0x00, 0x48, 0x00, 0x00, 0x00, 0x1b, 0x00, 0x00, 0x00,
  0x00, 0x00, 0x00, 0x09, 0x78, 0x01, 0x00, 0x00, 0x04, 0x00, 0x00, 0x00,
  0xff, 0xff, 0xff, 0xff, 0x01, 0x00, 0x00, 0x00, 0x32, 0x00, 0x00, 0x00,
  0x30, 0x00, 0x00, 0x00, 0xf4, 0xdb, 0xff, 0xff, 0x08, 0x00, 0x00, 0x00,
  0x14, 0x00, 0x00, 0x00, 0x01, 0x00, 0x00, 0x00, 0x80, 0xff, 0xff, 0xff,
  0xff, 0xff, 0xff, 0xff, 0x00, 0x00, 0x00, 0x00, 0x01, 0x00, 0x00, 0x00,
  0xec, 0x02, 0x19, 0x3d, 0x36, 0x01, 0x00, 0x00, 0x70, 0x72, 0x6f, 0x70,
  0x6f, 0x73, 0x65, 0x64, 0x5f, 0x73, 0x65, 0x70, 0x61, 0x72, 0x61, 0x62,
  0x6c, 0x65, 0x5f, 0x63, 0x6e, 0x6e, 0x5f, 0x31, 0x2f, 0x72, 0x65, 0x6c,
  0x75, 0x32, 0x5f, 0x31, 0x2f, 0x52, 0x65, 0x6c, 0x75, 0x3b, 0x70, 0x72,
  0x6f, 0x70, 0x6f, 0x73, 0x65, 0x64, 0x5f, 0x73, 0x65, 0x70, 0x61, 0x72,
  0x61, 0x62, 0x6c, 0x65, 0x5f, 0x63, 0x6e, 0x6e, 0x5f, 0x31, 0x2f, 0x62,
  0x6e, 0x32, 0x5f, 0x31, 0x2f, 0x62, 0x61, 0x74, 0x63, 0x68, 0x6e, 0x6f,
  0x72, 0x6d, 0x2f, 0x61, 0x64, 0x64, 0x5f, 0x31, 0x3b, 0x70, 0x72, 0x6f,
  0x70, 0x6f, 0x73, 0x65, 0x64, 0x5f, 0x73, 0x65, 0x70, 0x61, 0x72, 0x61,
  0x62, 0x6c, 0x65, 0x5f, 0x63, 0x6e, 0x6e, 0x5f, 0x31, 0x2f, 0x73, 0x65,
  0x70, 0x31, 0x5f, 0x31, 0x2f, 0x53, 0x71, 0x75, 0x65, 0x65, 0x7a, 0x65,
  0x3b, 0x70, 0x72, 0x6f, 0x70, 0x6f, 0x73, 0x65, 0x64, 0x5f, 0x73, 0x65,
  0x70, 0x61, 0x72, 0x61, 0x62, 0x6c, 0x65, 0x5f, 0x63, 0x6e, 0x6e, 0x5f,
  0x31, 0x2f, 0x62, 0x6e, 0x32, 0x5f, 0x31, 0x2f, 0x62, 0x61, 0x74, 0x63,
  0x68, 0x6e, 0x6f, 0x72, 0x6d, 0x2f, 0x6d, 0x75, 0x6c, 0x5f, 0x31, 0x3b,
  0x70, 0x72, 0x6f, 0x70, 0x6f, 0x73, 0x65, 0x64, 0x5f, 0x73, 0x65, 0x70,
  0x61, 0x72, 0x61, 0x62, 0x6c, 0x65, 0x5f, 0x63, 0x6e, 0x6e, 0x5f, 0x31,
  0x2f, 0x62, 0x6e, 0x32, 0x5f, 0x31, 0x2f, 0x62, 0x61, 0x74, 0x63, 0x68,
  0x6e, 0x6f, 0x72, 0x6d, 0x2f, 0x6d, 0x75, 0x6c, 0x3b, 0x70, 0x72, 0x6f,
  0x70, 0x6f, 0x73, 0x65, 0x64, 0x5f, 0x73, 0x65, 0x70, 0x61, 0x72, 0x61,
  0x62, 0x6c, 0x65, 0x5f, 0x63, 0x6e, 0x6e, 0x5f, 0x31, 0x2f, 0x62, 0x6e,
  0x32, 0x5f, 0x31, 0x2f, 0x62, 0x61, 0x74, 0x63, 0x68, 0x6e, 0x6f, 0x72,
  0x6d, 0x2f, 0x73, 0x75, 0x62, 0x3b, 0x70, 0x72, 0x6f, 0x70, 0x6f, 0x73,
  0x65, 0x64, 0x5f, 0x73, 0x65, 0x70, 0x61, 0x72, 0x61, 0x62, 0x6c, 0x65,
  0x5f, 0x63, 0x6e, 0x6e, 0x5f, 0x31, 0x2f, 0x73, 0x65, 0x70, 0x31, 0x5f,
  0x31, 0x2f, 0x73, 0x65, 0x70, 0x61, 0x72, 0x61, 0x62, 0x6c, 0x65, 0x5f,
  0x63, 0x6f, 0x6e, 0x76, 0x32, 0x64, 0x00, 0x00, 0x04, 0x00, 0x00, 0x00,
  0x01, 0x00, 0x00, 0x00, 0x01, 0x00, 0x00, 0x00, 0x32, 0x00, 0x00, 0x00,
  0x30, 0x00, 0x00, 0x00, 0xae, 0xdd, 0xff, 0xff, 0x00, 0x00, 0x00, 0x01,
  0x18, 0x00, 0x00, 0x00, 0x28, 0x00, 0x00, 0x00, 0x44, 0x00, 0x00, 0x00,
  0x1a, 0x00, 0x00, 0x00, 0x00, 0x00, 0x00, 0x09, 0x78, 0x00, 0x00, 0x00,
  0x04, 0x00, 0x00, 0x00, 0xff, 0xff, 0xff, 0xff, 0x01, 0x00, 0x00, 0x00,
  0x32, 0x00, 0x00, 0x00, 0x18, 0x00, 0x00, 0x00, 0x9c, 0xdd, 0xff, 0xff,
  0x08, 0x00, 0x00, 0x00, 0x10, 0x00, 0x00, 0x00, 0x01, 0x00, 0x00, 0x00,
  0xf8, 0xff, 0xff, 0xff, 0xff, 0xff, 0xff, 0xff, 0x01, 0x00, 0x00, 0x00,
  0x0c, 0x2d, 0xbd, 0x3c, 0x3a, 0x00, 0x00, 0x00, 0x70, 0x72, 0x6f, 0x70,
  0x6f, 0x73, 0x65, 0x64, 0x5f, 0x73, 0x65, 0x70, 0x61, 0x72, 0x61, 0x62,
  0x6c, 0x65, 0x5f, 0x63, 0x6e, 0x6e, 0x5f, 0x31, 0x2f, 0x73, 0x65, 0x70,
  0x31, 0x5f, 0x31, 0x2f, 0x73, 0x65, 0x70, 0x61, 0x72, 0x61, 0x62, 0x6c,
  0x65, 0x5f, 0x63, 0x6f, 0x6e, 0x76, 0x32, 0x64, 0x2f, 0x64, 0x65, 0x70,
  0x74, 0x68, 0x77, 0x69, 0x73, 0x65, 0x00, 0x00, 0x04, 0x00, 0x00, 0x00,
  0x01, 0x00, 0x00, 0x00, 0x01, 0x00, 0x00, 0x00, 0x32, 0x00, 0x00, 0x00,
  0x18, 0x00, 0x00, 0x00, 0x56, 0xde, 0xff, 0xff, 0x00, 0x00, 0x00, 0x01,
  0x18, 0x00, 0x00, 0x00, 0x28, 0x00, 0x00, 0x00, 0x48, 0x00, 0x00, 0x00,
  0x19, 0x00, 0x00, 0x00, 0x00, 0x00, 0x00, 0x09, 0x6c, 0x00, 0x00, 0x00,
  0x04, 0x00, 0x00, 0x00, 0xff, 0xff, 0xff, 0xff, 0x01, 0x00, 0x00, 0x00,
  0x32, 0x00, 0x00, 0x00, 0x18, 0x00, 0x00, 0x00, 0x44, 0xde, 0xff, 0xff,
  0x08, 0x00, 0x00, 0x00, 0x14, 0x00, 0x00, 0x00, 0x01, 0x00, 0x00, 0x00,
  0x80, 0xff, 0xff, 0xff, 0xff, 0xff, 0xff, 0xff, 0x00, 0x00, 0x00, 0x00,
  0x01, 0x00, 0x00, 0x00, 0x02, 0x44, 0x1d, 0x3d, 0x2a, 0x00, 0x00, 0x00,
  0x70, 0x72, 0x6f, 0x70, 0x6f, 0x73, 0x65, 0x64, 0x5f, 0x73, 0x65, 0x70,
  0x61, 0x72, 0x61, 0x62, 0x6c, 0x65, 0x5f, 0x63, 0x6e, 0x6e, 0x5f, 0x31,
  0x2f, 0x73, 0x65, 0x70, 0x31, 0x5f, 0x31, 0x2f, 0x45, 0x78, 0x70, 0x61,
  0x6e, 0x64, 0x44, 0x69, 0x6d, 0x73, 0x00, 0x00, 0x04, 0x00, 0x00, 0x00,
  0x01, 0x00, 0x00, 0x00, 0x01, 0x00, 0x00, 0x00, 0x32, 0x00, 0x00, 0x00,
  0x18, 0x00, 0x00, 0x00, 0xf2, 0xde, 0xff, 0xff, 0x00, 0x00, 0x00, 0x01,
  0x18, 0x00, 0x00, 0x00, 0x24, 0x00, 0x00, 0x00, 0x44, 0x00, 0x00, 0x00,
  0x18, 0x00, 0x00, 0x00, 0x00, 0x00, 0x00, 0x09, 0x50, 0x01, 0x00, 0x00,
  0x03, 0x00, 0x00, 0x00, 0xff, 0xff, 0xff, 0xff, 0x32, 0x00, 0x00, 0x00,
  0x18, 0x00, 0x00, 0x00, 0xdc, 0xde, 0xff, 0xff, 0x08, 0x00, 0x00, 0x00,
  0x14, 0x00, 0x00, 0x00, 0x01, 0x00, 0x00, 0x00, 0x80, 0xff, 0xff, 0xff,
  0xff, 0xff, 0xff, 0xff, 0x00, 0x00, 0x00, 0x00, 0x01, 0x00, 0x00, 0x00,
  0x02, 0x44, 0x1d, 0x3d, 0x12, 0x01, 0x00, 0x00, 0x70, 0x72, 0x6f, 0x70,
  0x6f, 0x73, 0x65, 0x64, 0x5f, 0x73, 0x65, 0x70, 0x61, 0x72, 0x61, 0x62,
  0x6c, 0x65, 0x5f, 0x63, 0x6e, 0x6e, 0x5f, 0x31, 0x2f, 0x72, 0x65, 0x6c,
  0x75, 0x31, 0x5f, 0x31, 0x2f, 0x52, 0x65, 0x6c, 0x75, 0x3b, 0x70, 0x72,
  0x6f, 0x70, 0x6f, 0x73, 0x65, 0x64, 0x5f, 0x73, 0x65, 0x70, 0x61, 0x72,
  0x61, 0x62, 0x6c, 0x65, 0x5f, 0x63, 0x6e, 0x6e, 0x5f, 0x31, 0x2f, 0x62,
  0x6e, 0x31, 0x5f, 0x31, 0x2f, 0x62, 0x61, 0x74, 0x63, 0x68, 0x6e, 0x6f,
  0x72, 0x6d, 0x2f, 0x61, 0x64, 0x64, 0x5f, 0x31, 0x3b, 0x70, 0x72, 0x6f,
  0x70, 0x6f, 0x73, 0x65, 0x64, 0x5f, 0x73, 0x65, 0x70, 0x61, 0x72, 0x61,
  0x62, 0x6c, 0x65, 0x5f, 0x63, 0x6e, 0x6e, 0x5f, 0x31, 0x2f, 0x63, 0x6f,
  0x6e, 0x76, 0x31, 0x5f, 0x31, 0x2f, 0x63, 0x6f, 0x6e, 0x76, 0x6f, 0x6c,
  0x75, 0x74, 0x69, 0x6f, 0x6e, 0x2f, 0x53, 0x71, 0x75, 0x65, 0x65, 0x7a,
  0x65, 0x3b, 0x70, 0x72, 0x6f, 0x70, 0x6f, 0x73, 0x65, 0x64, 0x5f, 0x73,
  0x65, 0x70, 0x61, 0x72, 0x61, 0x62, 0x6c, 0x65, 0x5f, 0x63, 0x6e, 0x6e,
  0x5f, 0x31, 0x2f, 0x62, 0x6e, 0x31, 0x5f, 0x31, 0x2f, 0x62, 0x61, 0x74,
  0x63, 0x68, 0x6e, 0x6f, 0x72, 0x6d, 0x2f, 0x6d, 0x75, 0x6c, 0x5f, 0x31,
  0x3b, 0x70, 0x72, 0x6f, 0x70, 0x6f, 0x73, 0x65, 0x64, 0x5f, 0x73, 0x65,
  0x70, 0x61, 0x72, 0x61, 0x62, 0x6c, 0x65, 0x5f, 0x63, 0x6e, 0x6e, 0x5f,
  0x31, 0x2f, 0x62, 0x6e, 0x31, 0x5f, 0x31, 0x2f, 0x62, 0x61, 0x74, 0x63,
  0x68, 0x6e, 0x6f, 0x72, 0x6d, 0x2f, 0x6d, 0x75, 0x6c, 0x3b, 0x70, 0x72,
  0x6f, 0x70, 0x6f, 0x73, 0x65, 0x64, 0x5f, 0x73, 0x65, 0x70, 0x61, 0x72,
  0x61, 0x62, 0x6c, 0x65, 0x5f, 0x63, 0x6e, 0x6e, 0x5f, 0x31, 0x2f, 0x62,
  0x6e, 0x31, 0x5f, 0x31, 0x2f, 0x62, 0x61, 0x74, 0x63, 0x68, 0x6e, 0x6f,
  0x72, 0x6d, 0x2f, 0x73, 0x75, 0x62, 0x00, 0x00, 0x03, 0x00, 0x00, 0x00,
  0x01, 0x00, 0x00, 0x00, 0x32, 0x00, 0x00, 0x00, 0x18, 0x00, 0x00, 0x00,
  0x6e, 0xe0, 0xff, 0xff, 0x00, 0x00, 0x00, 0x01, 0x18, 0x00, 0x00, 0x00,
  0x28, 0x00, 0x00, 0x00, 0x48, 0x00, 0x00, 0x00, 0x17, 0x00, 0x00, 0x00,
  0x00, 0x00, 0x00, 0x09, 0x80, 0x01, 0x00, 0x00, 0x04, 0x00, 0x00, 0x00,
  0xff, 0xff, 0xff, 0xff, 0x01, 0x00, 0x00, 0x00, 0x32, 0x00, 0x00, 0x00,
  0x18, 0x00, 0x00, 0x00, 0x5c, 0xe0, 0xff, 0xff, 0x08, 0x00, 0x00, 0x00,
  0x14, 0x00, 0x00, 0x00, 0x01, 0x00, 0x00, 0x00, 0x80, 0xff, 0xff, 0xff,
  0xff, 0xff, 0xff, 0xff, 0x00, 0x00, 0x00, 0x00, 0x01, 0x00, 0x00, 0x00,
  0x02, 0x44, 0x1d, 0x3d, 0x3f, 0x01, 0x00, 0x00, 0x70, 0x72, 0x6f, 0x70,
  0x6f, 0x73, 0x65, 0x64, 0x5f, 0x73, 0x65, 0x70, 0x61, 0x72, 0x61, 0x62,
  0x6c, 0x65, 0x5f, 0x63, 0x6e, 0x6e, 0x5f, 0x31, 0x2f, 0x72, 0x65, 0x6c,
  0x75, 0x31, 0x5f, 0x31, 0x2f, 0x52, 0x65, 0x6c, 0x75, 0x3b, 0x70, 0x72,
  0x6f, 0x70, 0x6f, 0x73, 0x65, 0x64, 0x5f, 0x73, 0x65, 0x70, 0x61, 0x72,
  0x61, 0x62, 0x6c, 0x65, 0x5f, 0x63, 0x6e, 0x6e, 0x5f, 0x31, 0x2f, 0x62,
  0x6e, 0x31, 0x5f, 0x31, 0x2f, 0x62, 0x61, 0x74, 0x63, 0x68, 0x6e, 0x6f,
  0x72, 0x6d, 0x2f, 0x61, 0x64, 0x64, 0x5f, 0x31, 0x3b, 0x70, 0x72, 0x6f,
  0x70, 0x6f, 0x73, 0x65, 0x64, 0x5f, 0x73, 0x65, 0x70, 0x61, 0x72, 0x61,
  0x62, 0x6c, 0x65, 0x5f, 0x63, 0x6e, 0x6e, 0x5f, 0x31, 0x2f, 0x63, 0x6f,
  0x6e, 0x76, 0x31, 0x5f, 0x31, 0x2f, 0x63, 0x6f, 0x6e, 0x76, 0x6f, 0x6c,
  0x75, 0x74, 0x69, 0x6f, 0x6e, 0x2f, 0x53, 0x71, 0x75, 0x65, 0x65, 0x7a,
  0x65, 0x3b, 0x70, 0x72, 0x6f, 0x70, 0x6f, 0x73, 0x65, 0x64, 0x5f, 0x73,
  0x65, 0x70, 0x61, 0x72, 0x61, 0x62, 0x6c, 0x65, 0x5f, 0x63, 0x6e, 0x6e,
  0x5f, 0x31, 0x2f, 0x62, 0x6e, 0x31, 0x5f, 0x31, 0x2f, 0x62, 0x61, 0x74,
  0x63, 0x68, 0x6e, 0x6f, 0x72, 0x6d, 0x2f, 0x6d, 0x75, 0x6c, 0x5f, 0x31,
  0x3b, 0x70, 0x72, 0x6f, 0x70, 0x6f, 0x73, 0x65, 0x64, 0x5f, 0x73, 0x65,
  0x70, 0x61, 0x72, 0x61, 0x62, 0x6c, 0x65, 0x5f, 0x63, 0x6e, 0x6e, 0x5f,
  0x31, 0x2f, 0x62, 0x6e, 0x31, 0x5f, 0x31, 0x2f, 0x62, 0x61, 0x74, 0x63,
  0x68, 0x6e, 0x6f, 0x72, 0x6d, 0x2f, 0x6d, 0x75, 0x6c, 0x3b, 0x70, 0x72,
  0x6f, 0x70, 0x6f, 0x73, 0x65, 0x64, 0x5f, 0x73, 0x65, 0x70, 0x61, 0x72,
  0x61, 0x62, 0x6c, 0x65, 0x5f, 0x63, 0x6e, 0x6e, 0x5f, 0x31, 0x2f, 0x62,
  0x6e, 0x31, 0x5f, 0x31, 0x2f, 0x62, 0x61, 0x74, 0x63, 0x68, 0x6e, 0x6f,
  0x72, 0x6d, 0x2f, 0x73, 0x75, 0x62, 0x3b, 0x70, 0x72, 0x6f, 0x70, 0x6f,
  0x73, 0x65, 0x64, 0x5f, 0x73, 0x65, 0x70, 0x61, 0x72, 0x61, 0x62, 0x6c,
  0x65, 0x5f, 0x63, 0x6e, 0x6e, 0x5f, 0x31, 0x2f, 0x63, 0x6f, 0x6e, 0x76,
  0x31, 0x5f, 0x31, 0x2f, 0x63, 0x6f, 0x6e, 0x76, 0x6f, 0x6c, 0x75, 0x74,
  0x69, 0x6f, 0x6e, 0x00, 0x04, 0x00, 0x00, 0x00, 0x01, 0x00, 0x00, 0x00,
  0x01, 0x00, 0x00, 0x00, 0x32, 0x00, 0x00, 0x00, 0x18, 0x00, 0x00, 0x00,
  0x1e, 0xe2, 0xff, 0xff, 0x00, 0x00, 0x00, 0x01, 0x18, 0x00, 0x00, 0x00,
  0x28, 0x00, 0x00, 0x00, 0x48, 0x00, 0x00, 0x00, 0x16, 0x00, 0x00, 0x00,
  0x00, 0x00, 0x00, 0x09, 0x78, 0x00, 0x00, 0x00, 0x04, 0x00, 0x00, 0x00,
  0xff, 0xff, 0xff, 0xff, 0x01, 0x00, 0x00, 0x00, 0x64, 0x00, 0x00, 0x00,
  0x06, 0x00, 0x00, 0x00, 0x0c, 0xe2, 0xff, 0xff, 0x08, 0x00, 0x00, 0x00,
  0x14, 0x00, 0x00, 0x00, 0x01, 0x00, 0x00, 0x00, 0xfc, 0xff, 0xff, 0xff,
  0xff, 0xff, 0xff, 0xff, 0x00, 0x00, 0x00, 0x00, 0x01, 0x00, 0x00, 0x00,
  0x13, 0x83, 0x6e, 0x3d, 0x37, 0x00, 0x00, 0x00, 0x70, 0x72, 0x6f, 0x70,
  0x6f, 0x73, 0x65, 0x64, 0x5f, 0x73, 0x65, 0x70, 0x61, 0x72, 0x61, 0x62,
  0x6c, 0x65, 0x5f, 0x63, 0x6e, 0x6e, 0x5f, 0x31, 0x2f, 0x63, 0x6f, 0x6e,
  0x76, 0x31, 0x5f, 0x31, 0x2f, 0x63, 0x6f, 0x6e, 0x76, 0x6f, 0x6c, 0x75,
  0x74, 0x69, 0x6f, 0x6e, 0x2f, 0x45, 0x78, 0x70, 0x61, 0x6e, 0x64, 0x44,
  0x69, 0x6d, 0x73, 0x00, 0x04, 0x00, 0x00, 0x00, 0x01, 0x00, 0x00, 0x00,
  0x01, 0x00, 0x00, 0x00, 0x64, 0x00, 0x00, 0x00, 0x06, 0x00, 0x00, 0x00,
  0x1a, 0xe3, 0xff, 0xff, 0x00, 0x00, 0x00, 0x01, 0x14, 0x00, 0x00, 0x00,
  0x48, 0x01, 0x00, 0x00, 0x15, 0x00, 0x00, 0x00, 0x00, 0x00, 0x00, 0x09,
  0x54, 0x01, 0x00, 0x00, 0x9c, 0xe2, 0xff, 0xff, 0x08, 0x00, 0x00, 0x00,
  0xcc, 0x00, 0x00, 0x00, 0x18, 0x00, 0x00, 0x00, 0x00, 0x00, 0x00, 0x00,
  0x00, 0x00, 0x00, 0x00, 0x00, 0x00, 0x00, 0x00, 0x00, 0x00, 0x00, 0x00,
  0x00, 0x00, 0x00, 0x00, 0x00, 0x00, 0x00, 0x00, 0x00, 0x00, 0x00, 0x00,
  0x00, 0x00, 0x00, 0x00, 0x00, 0x00, 0x00, 0x00, 0x00, 0x00, 0x00, 0x00,
  0x00, 0x00, 0x00, 0x00, 0x00, 0x00, 0x00, 0x00, 0x00, 0x00, 0x00, 0x00,
  0x00, 0x00, 0x00, 0x00, 0x00, 0x00, 0x00, 0x00, 0x00, 0x00, 0x00, 0x00,
  0x00, 0x00, 0x00, 0x00, 0x00, 0x00, 0x00, 0x00, 0x00, 0x00, 0x00, 0x00,
  0x00, 0x00, 0x00, 0x00, 0x00, 0x00, 0x00, 0x00, 0x00, 0x00, 0x00, 0x00,
  0x00, 0x00, 0x00, 0x00, 0x00, 0x00, 0x00, 0x00, 0x00, 0x00, 0x00, 0x00,
  0x00, 0x00, 0x00, 0x00, 0x00, 0x00, 0x00, 0x00, 0x00, 0x00, 0x00, 0x00,
  0x00, 0x00, 0x00, 0x00, 0x00, 0x00, 0x00, 0x00, 0x00, 0x00, 0x00, 0x00,
  0x00, 0x00, 0x00, 0x00, 0x00, 0x00, 0x00, 0x00, 0x00, 0x00, 0x00, 0x00,
  0x00, 0x00, 0x00, 0x00, 0x00, 0x00, 0x00, 0x00, 0x00, 0x00, 0x00, 0x00,
  0x00, 0x00, 0x00, 0x00, 0x00, 0x00, 0x00, 0x00, 0x00, 0x00, 0x00, 0x00,
  0x00, 0x00, 0x00, 0x00, 0x00, 0x00, 0x00, 0x00, 0x00, 0x00, 0x00, 0x00,
  0x00, 0x00, 0x00, 0x00, 0x00, 0x00, 0x00, 0x00, 0x00, 0x00, 0x00, 0x00,
  0x00, 0x00, 0x00, 0x00, 0x00, 0x00, 0x00, 0x00, 0x00, 0x00, 0x00, 0x00,
  0x18, 0x00, 0x00, 0x00, 0x33, 0x5b, 0x2c, 0x3b, 0xad, 0xea, 0x31, 0x3b,
  0x95, 0xd4, 0x17, 0x3b, 0x15, 0xb1, 0x7b, 0x3b, 0x97, 0xb3, 0x82, 0x3b,
  0x9c, 0x6e, 0x18, 0x3b, 0x02, 0x2d, 0x13, 0x3b, 0x92, 0xed, 0x8f, 0x3b,
  0x8b, 0xab, 0x50, 0x3b, 0xd6, 0x82, 0x16, 0x3b, 0x33, 0x72, 0x22, 0x3b,
  0x89, 0x42, 0x35, 0x3b, 0x31, 0x01, 0x2f, 0x3b, 0xad, 0x04, 0x58, 0x3b,
  0xe2, 0xf6, 0xf2, 0x3a, 0xc1, 0xde, 0x10, 0x3b, 0x8e, 0x31, 0x5c, 0x3b,
  0x32, 0x82, 0xab, 0x3b, 0xe3, 0xf3, 0x2b, 0x3b, 0x61, 0xf3, 0x20, 0x3b,
  0xb1, 0x8a, 0x90, 0x3b, 0xbd, 0x72, 0x93, 0x3b, 0x2a, 0x3f, 0x22, 0x3b,
  0x7f, 0xa9, 0x27, 0x3b, 0x13, 0x00, 0x00, 0x00, 0x74, 0x66, 0x6c, 0x2e,
  0x70, 0x73, 0x65, 0x75, 0x64, 0x6f, 0x5f, 0x71, 0x63, 0x6f, 0x6e, 0x73,
  0x74, 0x31, 0x33, 0x00, 0x04, 0x00, 0x00, 0x00, 0x18, 0x00, 0x00, 0x00,
  0x01, 0x00, 0x00, 0x00, 0x07, 0x00, 0x00, 0x00, 0x06, 0x00, 0x00, 0x00,
  0x9a, 0xe4, 0xff, 0xff, 0x00, 0x00, 0x00, 0x01, 0x14, 0x00, 0x00, 0x00,
  0x48, 0x01, 0x00, 0x00, 0x14, 0x00, 0x00, 0x00, 0x00, 0x00, 0x00, 0x02,
  0x54, 0x01, 0x00, 0x00, 0x1c, 0xe4, 0xff, 0xff, 0x08, 0x00, 0x00, 0x00,
  0xcc, 0x00, 0x00, 0x00, 0x18, 0x00, 0x00, 0x00, 0x00, 0x00, 0x00, 0x00,
  0x00, 0x00, 0x00, 0x00, 0x00, 0x00, 0x00, 0x00, 0x00, 0x00, 0x00, 0x00,
  0x00, 0x00, 0x00, 0x00, 0x00, 0x00, 0x00, 0x00, 0x00, 0x00, 0x00, 0x00,
  0x00, 0x00, 0x00, 0x00, 0x00, 0x00, 0x00, 0x00, 0x00, 0x00, 0x00, 0x00,
  0x00, 0x00, 0x00, 0x00, 0x00, 0x00, 0x00, 0x00, 0x00, 0x00, 0x00, 0x00,
  0x00, 0x00, 0x00, 0x00, 0x00, 0x00, 0x00, 0x00, 0x00, 0x00, 0x00, 0x00,
  0x00, 0x00, 0x00, 0x00, 0x00, 0x00, 0x00, 0x00, 0x00, 0x00, 0x00, 0x00,
  0x00, 0x00, 0x00, 0x00, 0x00, 0x00, 0x00, 0x00, 0x00, 0x00, 0x00, 0x00,
  0x00, 0x00, 0x00, 0x00, 0x00, 0x00, 0x00, 0x00, 0x00, 0x00, 0x00, 0x00,
  0x00, 0x00, 0x00, 0x00, 0x00, 0x00, 0x00, 0x00, 0x00, 0x00, 0x00, 0x00,
  0x00, 0x00, 0x00, 0x00, 0x00, 0x00, 0x00, 0x00, 0x00, 0x00, 0x00, 0x00,
  0x00, 0x00, 0x00, 0x00, 0x00, 0x00, 0x00, 0x00, 0x00, 0x00, 0x00, 0x00,
  0x00, 0x00, 0x00, 0x00, 0x00, 0x00, 0x00, 0x00, 0x00, 0x00, 0x00, 0x00,
  0x00, 0x00, 0x00, 0x00, 0x00, 0x00, 0x00, 0x00, 0x00, 0x00, 0x00, 0x00,
  0x00, 0x00, 0x00, 0x00, 0x00, 0x00, 0x00, 0x00, 0x00, 0x00, 0x00, 0x00,
  0x00, 0x00, 0x00, 0x00, 0x00, 0x00, 0x00, 0x00, 0x00, 0x00, 0x00, 0x00,
  0x00, 0x00, 0x00, 0x00, 0x00, 0x00, 0x00, 0x00, 0x00, 0x00, 0x00, 0x00,
  0x18, 0x00, 0x00, 0x00, 0x09, 0x95, 0x20, 0x39, 0x45, 0xc3, 0x25, 0x39,
  0x60, 0x75, 0x0d, 0x39, 0x80, 0x7f, 0x6a, 0x39, 0xc4, 0x8b, 0x73, 0x39,
  0xe1, 0x04, 0x0e, 0x39, 0x33, 0x1f, 0x09, 0x39, 0x8f, 0x18, 0x86, 0x39,
  0x52, 0x6a, 0x42, 0x39, 0xb3, 0x3a, 0x0c, 0x39, 0x58, 0x59, 0x17, 0x39,
  0xaa, 0xe0, 0x28, 0x39, 0xb6, 0x0c, 0x23, 0x39, 0xf3, 0x42, 0x49, 0x39,
  0xec, 0x5d, 0xe2, 0x38, 0x44, 0xf9, 0x06, 0x39, 0xd0, 0x26, 0x4d, 0x39,
  0xdb, 0xca, 0x9f, 0x39, 0xc8, 0x34, 0x20, 0x39, 0xad, 0xf4, 0x15, 0x39,
  0xf2, 0xaa, 0x86, 0x39, 0x2a, 0x60, 0x89, 0x39, 0xcb, 0x29, 0x17, 0x39,
  0x6c, 0x35, 0x1c, 0x39, 0x13, 0x00, 0x00, 0x00, 0x74, 0x66, 0x6c, 0x2e,
  0x70, 0x73, 0x65, 0x75, 0x64, 0x6f, 0x5f, 0x71, 0x63, 0x6f, 0x6e, 0x73,
  0x74, 0x31, 0x32, 0x00, 0x01, 0x00, 0x00, 0x00, 0x18, 0x00, 0x00, 0x00,
  0x0e, 0xe6, 0xff, 0xff, 0x00, 0x00, 0x00, 0x01, 0x14, 0x00, 0x00, 0x00,
  0x4c, 0x01, 0x00, 0x00, 0x13, 0x00, 0x00, 0x00, 0x00, 0x00, 0x00, 0x09,
  0x58, 0x01, 0x00, 0x00, 0xc2, 0xf7, 0xff, 0xff, 0x03, 0x00, 0x00, 0x00,
  0x08, 0x00, 0x00, 0x00, 0xcc, 0x00, 0x00, 0x00, 0x18, 0x00, 0x00, 0x00,
  0x00, 0x00, 0x00, 0x00, 0x00, 0x00, 0x00, 0x00, 0x00, 0x00, 0x00, 0x00,
  0x00, 0x00, 0x00, 0x00, 0x00, 0x00, 0x00, 0x00, 0x00, 0x00, 0x00, 0x00,
  0x00, 0x00, 0x00, 0x00, 0x00, 0x00, 0x00, 0x00, 0x00, 0x00, 0x00, 0x00,
  0x00, 0x00, 0x00, 0x00, 0x00, 0x00, 0x00, 0x00, 0x00, 0x00, 0x00, 0x00,
  0x00, 0x00, 0x00, 0x00, 0x00, 0x00, 0x00, 0x00, 0x00, 0x00, 0x00, 0x00,
  0x00, 0x00, 0x00, 0x00, 0x00, 0x00, 0x00, 0x00, 0x00, 0x00, 0x00, 0x00,
  0x00, 0x00, 0x00, 0x00, 0x00, 0x00, 0x00, 0x00, 0x00, 0x00, 0x00, 0x00,
  0x00, 0x00, 0x00, 0x00, 0x00, 0x00, 0x00, 0x00, 0x00, 0x00, 0x00, 0x00,
  0x00, 0x00, 0x00, 0x00, 0x00, 0x00, 0x00, 0x00, 0x00, 0x00, 0x00, 0x00,
  0x00, 0x00, 0x00, 0x00, 0x00, 0x00, 0x00, 0x00, 0x00, 0x00, 0x00, 0x00,
  0x00, 0x00, 0x00, 0x00, 0x00, 0x00, 0x00, 0x00, 0x00, 0x00, 0x00, 0x00,
  0x00, 0x00, 0x00, 0x00, 0x00, 0x00, 0x00, 0x00, 0x00, 0x00, 0x00, 0x00,
  0x00, 0x00, 0x00, 0x00, 0x00, 0x00, 0x00, 0x00, 0x00, 0x00, 0x00, 0x00,
  0x00, 0x00, 0x00, 0x00, 0x00, 0x00, 0x00, 0x00, 0x00, 0x00, 0x00, 0x00,
  0x00, 0x00, 0x00, 0x00, 0x00, 0x00, 0x00, 0x00, 0x00, 0x00, 0x00, 0x00,
  0x00, 0x00, 0x00, 0x00, 0x00, 0x00, 0x00, 0x00, 0x00, 0x00, 0x00, 0x00,
  0x00, 0x00, 0x00, 0x00, 0x18, 0x00, 0x00, 0x00, 0xc1, 0x04, 0x1b, 0x3b,
  0xd9, 0xbd, 0x43, 0x3b, 0x50, 0x4a, 0x13, 0x3b, 0xfb, 0x16, 0x1f, 0x3b,
  0xb0, 0x96, 0x28, 0x3b, 0xec, 0x19, 0x16, 0x3b, 0x57, 0xbf, 0x20, 0x3b,
  0x32, 0x26, 0x30, 0x3b, 0xaa, 0xec, 0xe5, 0x3a, 0x9b, 0x38, 0x3f, 0x3b,
  0x67, 0x4b, 0x0e, 0x3b, 0x37, 0xb5, 0x00, 0x3b, 0x2a, 0xf3, 0x39, 0x3b,
  0xec, 0xf1, 0xef, 0x3a, 0x7c, 0xbc, 0x0e, 0x3b, 0x2b, 0xe3, 0x04, 0x3b,
  0x78, 0x60, 0x4c, 0x3b, 0xce, 0x93, 0xe5, 0x3a, 0x52, 0x6e, 0xeb, 0x3a,
  0xef, 0xd3, 0x33, 0x3b, 0x47, 0xda, 0x1a, 0x3b, 0x42, 0x42, 0x3b, 0x3b,
  0xf0, 0xc0, 0x2f, 0x3b, 0x04, 0x07, 0x12, 0x3b, 0x13, 0x00, 0x00, 0x00,
  0x74, 0x66, 0x6c, 0x2e, 0x70, 0x73, 0x65, 0x75, 0x64, 0x6f, 0x5f, 0x71,
  0x63, 0x6f, 0x6e, 0x73, 0x74, 0x31, 0x31, 0x00, 0x04, 0x00, 0x00, 0x00,
  0x01, 0x00, 0x00, 0x00, 0x01, 0x00, 0x00, 0x00, 0x05, 0x00, 0x00, 0x00,
  0x18, 0x00, 0x00, 0x00, 0x92, 0xe7, 0xff, 0xff, 0x00, 0x00, 0x00, 0x01,
  0x14, 0x00, 0x00, 0x00, 0x44, 0x01, 0x00, 0x00, 0x12, 0x00, 0x00, 0x00,
  0x00, 0x00, 0x00, 0x02, 0x50, 0x01, 0x00, 0x00, 0x14, 0xe7, 0xff, 0xff,
  0x08, 0x00, 0x00, 0x00, 0xc8, 0x00, 0x00, 0x00, 0x18, 0x00, 0x00, 0x00,
  0x00, 0x00, 0x00, 0x00, 0x00, 0x00, 0x00, 0x00, 0x00, 0x00, 0x00, 0x00,
  0x00, 0x00, 0x00, 0x00, 0x00, 0x00, 0x00, 0x00, 0x00, 0x00, 0x00, 0x00,
  0x00, 0x00, 0x00, 0x00, 0x00, 0x00, 0x00, 0x00, 0x00, 0x00, 0x00, 0x00,
  0x00, 0x00, 0x00, 0x00, 0x00, 0x00, 0x00, 0x00, 0x00, 0x00, 0x00, 0x00,
  0x00, 0x00, 0x00, 0x00, 0x00, 0x00, 0x00, 0x00, 0x00, 0x00, 0x00, 0x00,
  0x00, 0x00, 0x00, 0x00, 0x00, 0x00, 0x00, 0x00, 0x00, 0x00, 0x00, 0x00,
  0x00, 0x00, 0x00, 0x00, 0x00, 0x00, 0x00, 0x00, 0x00, 0x00, 0x00, 0x00,
  0x00, 0x00, 0x00, 0x00, 0x00, 0x00, 0x00, 0x00, 0x00, 0x00, 0x00, 0x00,
  0x00, 0x00, 0x00, 0x00, 0x00, 0x00, 0x00, 0x00, 0x00, 0x00, 0x00, 0x00,
  0x00, 0x00, 0x00, 0x00, 0x00, 0x00, 0x00, 0x00, 0x00, 0x00, 0x00, 0x00,
  0x00, 0x00, 0x00, 0x00, 0x00, 0x00, 0x00, 0x00, 0x00, 0x00, 0x00, 0x00,
  0x00, 0x00, 0x00, 0x00, 0x00, 0x00, 0x00, 0x00, 0x00, 0x00, 0x00, 0x00,
  0x00, 0x00, 0x00, 0x00, 0x00, 0x00, 0x00, 0x00, 0x00, 0x00, 0x00, 0x00,
  0x00, 0x00, 0x00, 0x00, 0x00, 0x00, 0x00, 0x00, 0x00, 0x00, 0x00, 0x00,
  0x00, 0x00, 0x00, 0x00, 0x00, 0x00, 0x00, 0x00, 0x00, 0x00, 0x00, 0x00,
  0x00, 0x00, 0x00, 0x00, 0x00, 0x00, 0x00, 0x00, 0x00, 0x00, 0x00, 0x00,
  0x18, 0x00, 0x00, 0x00, 0x32, 0x76, 0xbe, 0x38, 0xdc, 0x7e, 0xf0, 0x38,
  0x68, 0xf7, 0xb4, 0x38, 0xb7, 0x76, 0xc3, 0x38, 0x67, 0x22, 0xcf, 0x38,
  0x8c, 0x6b, 0xb8, 0x38, 0x19, 0x80, 0xc5, 0x38, 0x70, 0x6c, 0xd8, 0x38,
  0x39, 0x3f, 0x8d, 0x38, 0x07, 0xf1, 0xea, 0x38, 0x17, 0xd4, 0xae, 0x38,
  0xa8, 0x22, 0x9e, 0x38, 0x0e, 0x77, 0xe4, 0x38, 0x1c, 0x67, 0x93, 0x38,
  0x06, 0x5f, 0xaf, 0x38, 0x3e, 0x45, 0xa3, 0x38, 0xea, 0x1a, 0xfb, 0x38,
  0xa2, 0x08, 0x8d, 0x38, 0x33, 0xa1, 0x90, 0x38, 0x7f, 0xf1, 0xdc, 0x38,
  0x01, 0x42, 0xbe, 0x38, 0xc3, 0x12, 0xe6, 0x38, 0x08, 0xf0, 0xd7, 0x38,
  0x31, 0x6a, 0xb3, 0x38, 0x13, 0x00, 0x00, 0x00, 0x74, 0x66, 0x6c, 0x2e,
  0x70, 0x73, 0x65, 0x75, 0x64, 0x6f, 0x5f, 0x71, 0x63, 0x6f, 0x6e, 0x73,
  0x74, 0x31, 0x30, 0x00, 0x01, 0x00, 0x00, 0x00, 0x18, 0x00, 0x00, 0x00,
  0x02, 0xe9, 0xff, 0xff, 0x00, 0x00, 0x00, 0x01, 0x14, 0x00, 0x00, 0x00,
  0x68, 0x02, 0x00, 0x00, 0x11, 0x00, 0x00, 0x00, 0x00, 0x00, 0x00, 0x09,
  0x74, 0x02, 0x00, 0x00, 0x84, 0xe8, 0xff, 0xff, 0x08, 0x00, 0x00, 0x00,
  0x8c, 0x01, 0x00, 0x00, 0x30, 0x00, 0x00, 0x00, 0x00, 0x00, 0x00, 0x00,
  0x00, 0x00, 0x00, 0x00, 0x00, 0x00, 0x00, 0x00, 0x00, 0x00, 0x00, 0x00,
  0x00, 0x00, 0x00, 0x00, 0x00, 0x00, 0x00, 0x00, 0x00, 0x00, 0x00, 0x00,
  0x00, 0x00, 0x00, 0x00, 0x00, 0x00, 0x00, 0x00, 0x00, 0x00, 0x00, 0x00,
  0x00, 0x00, 0x00, 0x00, 0x00, 0x00, 0x00, 0x00, 0x00, 0x00, 0x00, 0x00,
  0x00, 0x00, 0x00, 0x00, 0x00, 0x00, 0x00, 0x00, 0x00, 0x00, 0x00, 0x00,
  0x00, 0x00, 0x00, 0x00, 0x00, 0x00, 0x00, 0x00, 0x00, 0x00, 0x00, 0x00,
  0x00, 0x00, 0x00, 0x00, 0x00, 0x00, 0x00, 0x00, 0x00, 0x00, 0x00, 0x00,
  0x00, 0x00, 0x00, 0x00, 0x00, 0x00, 0x00, 0x00, 0x00, 0x00, 0x00, 0x00,
  0x00, 0x00, 0x00, 0x00, 0x00, 0x00, 0x00, 0x00, 0x00, 0x00, 0x00, 0x00,
  0x00, 0x00, 0x00, 0x00, 0x00, 0x00, 0x00, 0x00, 0x00, 0x00, 0x00, 0x00,
  0x00, 0x00, 0x00, 0x00, 0x00, 0x00, 0x00, 0x00, 0x00, 0x00, 0x00, 0x00,
  0x00, 0x00, 0x00, 0x00, 0x00, 0x00, 0x00, 0x00, 0x00, 0x00, 0x00, 0x00,
  0x00, 0x00, 0x00, 0x00, 0x00, 0x00, 0x00, 0x00, 0x00, 0x00, 0x00, 0x00,
  0x00, 0x00, 0x00, 0x00, 0x00, 0x00, 0x00, 0x00, 0x00, 0x00, 0x00, 0x00,
  0x00, 0x00, 0x00, 0x00, 0x00, 0x00, 0x00, 0x00, 0x00, 0x00, 0x00, 0x00,
  0x00, 0x00, 0x00, 0x00, 0x00, 0x00, 0x00, 0x00, 0x00, 0x00, 0x00, 0x00,
  0x00, 0x00, 0x00, 0x00, 0x00, 0x00, 0x00, 0x00, 0x00, 0x00, 0x00, 0x00,
  0x00, 0x00, 0x00, 0x00, 0x00, 0x00, 0x00, 0x00, 0x00, 0x00, 0x00, 0x00,
  0x00, 0x00, 0x00, 0x00, 0x00, 0x00, 0x00, 0x00, 0x00, 0x00, 0x00, 0x00,
  0x00, 0x00, 0x00, 0x00, 0x00, 0x00, 0x00, 0x00, 0x00, 0x00, 0x00, 0x00,
  0x00, 0x00, 0x00, 0x00, 0x00, 0x00, 0x00, 0x00, 0x00, 0x00, 0x00, 0x00,
  0x00, 0x00, 0x00, 0x00, 0x00, 0x00, 0x00, 0x00, 0x00, 0x00, 0x00, 0x00,
  0x00, 0x00, 0x00, 0x00, 0x00, 0x00, 0x00, 0x00, 0x00, 0x00, 0x00, 0x00,
  0x00, 0x00, 0x00, 0x00, 0x00, 0x00, 0x00, 0x00, 0x00, 0x00, 0x00, 0x00,
  0x00, 0x00, 0x00, 0x00, 0x00, 0x00, 0x00, 0x00, 0x00, 0x00, 0x00, 0x00,
  0x00, 0x00, 0x00, 0x00, 0x00, 0x00, 0x00, 0x00, 0x00, 0x00, 0x00, 0x00,
  0x00, 0x00, 0x00, 0x00, 0x00, 0x00, 0x00, 0x00, 0x00, 0x00, 0x00, 0x00,
  0x00, 0x00, 0x00, 0x00, 0x00, 0x00, 0x00, 0x00, 0x00, 0x00, 0x00, 0x00,
  0x00, 0x00, 0x00, 0x00, 0x00, 0x00, 0x00, 0x00, 0x00, 0x00, 0x00, 0x00,
  0x00, 0x00, 0x00, 0x00, 0x00, 0x00, 0x00, 0x00, 0x00, 0x00, 0x00, 0x00,
  0x00, 0x00, 0x00, 0x00, 0x00, 0x00, 0x00, 0x00, 0x00, 0x00, 0x00, 0x00,
  0x00, 0x00, 0x00, 0x00, 0x00, 0x00, 0x00, 0x00, 0x00, 0x00, 0x00, 0x00,
  0x30, 0x00, 0x00, 0x00, 0x9d, 0x68, 0x51, 0x3c, 0x82, 0xe6, 0x6b, 0x3c,
  0xb2, 0x96, 0x5f, 0x3c, 0xd9, 0x7b, 0x4e, 0x3c, 0xf1, 0x5f, 0xa9, 0x3c,
  0x76, 0x34, 0x53, 0x3c, 0xc3, 0x58, 0x3b, 0x3c, 0x2a, 0x6a, 0x58, 0x3c,
  0xd2, 0xc2, 0x52, 0x3c, 0xe0, 0xac, 0x46, 0x3c, 0xfd, 0x16, 0x9d, 0x3c,
  0xb7, 0x8d, 0x6b, 0x3c, 0x93, 0x1b, 0x49, 0x3c, 0xcd, 0xee, 0x5e, 0x3c,
  0xc5, 0x5b, 0x57, 0x3c, 0x39, 0x78, 0x7c, 0x3c, 0xe3, 0x5b, 0x86, 0x3c,
  0xd1, 0xdc, 0x3f, 0x3c, 0xf8, 0xbc, 0x50, 0x3c, 0x96, 0xc3, 0x60, 0x3c,
  0x86, 0xc3, 0x47, 0x3c, 0xe0, 0xe1, 0x0e, 0x3c, 0x8b, 0x8d, 0x5e, 0x3c,
  0x33, 0x5e, 0x76, 0x3c, 0x76, 0x5f, 0x4a, 0x3c, 0x6d, 0x80, 0x2b, 0x3c,
  0xc7, 0x0e, 0x91, 0x3c, 0x04, 0xc3, 0x6b, 0x3c, 0x68, 0xb4, 0x37, 0x3c,
  0x25, 0x1d, 0x69, 0x3c, 0x7b, 0x99, 0x53, 0x3c, 0x9c, 0x1f, 0x60, 0x3c,
  0x0c, 0x8f, 0x85, 0x3c, 0x01, 0xcf, 0x1b, 0x3c, 0x8c, 0x82, 0x78, 0x3c,
  0x39, 0x2f, 0x6a, 0x3c, 0xd5, 0x5e, 0xa5, 0x3c, 0x20, 0x50, 0x5e, 0x3c,
  0x8d, 0x4c, 0x9b, 0x3c, 0x2c, 0x29, 0x7b, 0x3c, 0x09, 0xc9, 0x56, 0x3c,
  0x4a, 0xfc, 0x88, 0x3c, 0xd3, 0x27, 0x8b, 0x3c, 0x74, 0xf1, 0x65, 0x3c,
  0x78, 0x46, 0x6c, 0x3c, 0x0e, 0xa0, 0x61, 0x3c, 0xe2, 0x56, 0x5b, 0x3c,
  0x54, 0x89, 0x61, 0x3c, 0x12, 0x00, 0x00, 0x00, 0x74, 0x66, 0x6c, 0x2e,
  0x70, 0x73, 0x65, 0x75, 0x64, 0x6f, 0x5f, 0x71, 0x63, 0x6f, 0x6e, 0x73,
  0x74, 0x39, 0x00, 0x00, 0x04, 0x00, 0x00, 0x00, 0x30, 0x00, 0x00, 0x00,
  0x01, 0x00, 0x00, 0x00, 0x01, 0x00, 0x00, 0x00, 0x18, 0x00, 0x00, 0x00,
  0xa2, 0xeb, 0xff, 0xff, 0x00, 0x00, 0x00, 0x01, 0x14, 0x00, 0x00, 0x00,
  0x64, 0x02, 0x00, 0x00, 0x10, 0x00, 0x00, 0x00, 0x00, 0x00, 0x00, 0x02,
  0x70, 0x02, 0x00, 0x00, 0x24, 0xeb, 0xff, 0xff, 0x08, 0x00, 0x00, 0x00,
  0x88, 0x01, 0x00, 0x00, 0x30, 0x00, 0x00, 0x00, 0x00, 0x00, 0x00, 0x00,
  0x00, 0x00, 0x00, 0x00, 0x00, 0x00, 0x00, 0x00, 0x00, 0x00, 0x00, 0x00,
  0x00, 0x00, 0x00, 0x00, 0x00, 0x00, 0x00, 0x00, 0x00, 0x00, 0x00, 0x00,
  0x00, 0x00, 0x00, 0x00, 0x00, 0x00, 0x00, 0x00, 0x00, 0x00, 0x00, 0x00,
  0x00, 0x00, 0x00, 0x00, 0x00, 0x00, 0x00, 0x00, 0x00, 0x00, 0x00, 0x00,
  0x00, 0x00, 0x00, 0x00, 0x00, 0x00, 0x00, 0x00, 0x00, 0x00, 0x00, 0x00,
  0x00, 0x00, 0x00, 0x00, 0x00, 0x00, 0x00, 0x00, 0x00, 0x00, 0x00, 0x00,
  0x00, 0x00, 0x00, 0x00, 0x00, 0x00, 0x00, 0x00, 0x00, 0x00, 0x00, 0x00,
  0x00, 0x00, 0x00, 0x00, 0x00, 0x00, 0x00, 0x00, 0x00, 0x00, 0x00, 0x00,
  0x00, 0x00, 0x00, 0x00, 0x00, 0x00, 0x00, 0x00, 0x00, 0x00, 0x00, 0x00,
  0x00, 0x00, 0x00, 0x00, 0x00, 0x00, 0x00, 0x00, 0x00, 0x00, 0x00, 0x00,
  0x00, 0x00, 0x00, 0x00, 0x00, 0x00, 0x00, 0x00, 0x00, 0x00, 0x00, 0x00,
  0x00, 0x00, 0x00, 0x00, 0x00, 0x00, 0x00, 0x00, 0x00, 0x00, 0x00, 0x00,
  0x00, 0x00, 0x00, 0x00, 0x00, 0x00, 0x00, 0x00, 0x00, 0x00, 0x00, 0x00,
  0x00, 0x00, 0x00, 0x00, 0x00, 0x00, 0x00, 0x00, 0x00, 0x00, 0x00, 0x00,
  0x00, 0x00, 0x00, 0x00, 0x00, 0x00, 0x00, 0x00, 0x00, 0x00, 0x00, 0x00,
  0x00, 0x00, 0x00, 0x00, 0x00, 0x00, 0x00, 0x00, 0x00, 0x00, 0x00, 0x00,
  0x00, 0x00, 0x00, 0x00, 0x00, 0x00, 0x00, 0x00, 0x00, 0x00, 0x00, 0x00,
  0x00, 0x00, 0x00, 0x00, 0x00, 0x00, 0x00, 0x00, 0x00, 0x00, 0x00, 0x00,
  0x00, 0x00, 0x00, 0x00, 0x00, 0x00, 0x00, 0x00, 0x00, 0x00, 0x00, 0x00,
  0x00, 0x00, 0x00, 0x00, 0x00, 0x00, 0x00, 0x00, 0x00, 0x00, 0x00, 0x00,
  0x00, 0x00, 0x00, 0x00, 0x00, 0x00, 0x00, 0x00, 0x00, 0x00, 0x00, 0x00,
  0x00, 0x00, 0x00, 0x00, 0x00, 0x00, 0x00, 0x00, 0x00, 0x00, 0x00, 0x00,
  0x00, 0x00, 0x00, 0x00, 0x00, 0x00, 0x00, 0x00, 0x00, 0x00, 0x00, 0x00,
  0x00, 0x00, 0x00, 0x00, 0x00, 0x00, 0x00, 0x00, 0x00, 0x00, 0x00, 0x00,
  0x00, 0x00, 0x00, 0x00, 0x00, 0x00, 0x00, 0x00, 0x00, 0x00, 0x00, 0x00,
  0x00, 0x00, 0x00, 0x00, 0x00, 0x00, 0x00, 0x00, 0x00, 0x00, 0x00, 0x00,
  0x00, 0x00, 0x00, 0x00, 0x00, 0x00, 0x00, 0x00, 0x00, 0x00, 0x00, 0x00,
  0x00, 0x00, 0x00, 0x00, 0x00, 0x00, 0x00, 0x00, 0x00, 0x00, 0x00, 0x00,
  0x00, 0x00, 0x00, 0x00, 0x00, 0x00, 0x00, 0x00, 0x00, 0x00, 0x00, 0x00,
  0x00, 0x00, 0x00, 0x00, 0x00, 0x00, 0x00, 0x00, 0x00, 0x00, 0x00, 0x00,
  0x00, 0x00, 0x00, 0x00, 0x00, 0x00, 0x00, 0x00, 0x00, 0x00, 0x00, 0x00,
  0x00, 0x00, 0x00, 0x00, 0x00, 0x00, 0x00, 0x00, 0x30, 0x00, 0x00, 0x00,
  0x15, 0xbf, 0x9a, 0x39, 0xb1, 0x52, 0xae, 0x39, 0x99, 0x39, 0xa5, 0x39,
  0xc5, 0x95, 0x98, 0x39, 0x45, 0x53, 0xfa, 0x39, 0xe5, 0x12, 0x9c, 0x39,
  0x7f, 0x71, 0x8a, 0x39, 0x76, 0xec, 0x9f, 0x39, 0xeb, 0xbe, 0x9b, 0x39,
  0x97, 0xd0, 0x92, 0x39, 0x3a, 0x2b, 0xe8, 0x39, 0x13, 0x11, 0xae, 0x39,
  0xbf, 0x9c, 0x94, 0x39, 0x88, 0xbd, 0xa4, 0x39, 0xa6, 0x24, 0x9f, 0x39,
  0x2f, 0x91, 0xba, 0x39, 0xf6, 0x92, 0xc6, 0x39, 0xc9, 0xc7, 0x8d, 0x39,
  0x3e, 0x40, 0x9a, 0x39, 0xf3, 0x17, 0xa6, 0x39, 0x81, 0x9e, 0x93, 0x39,
  0xce, 0x2b, 0x53, 0x39, 0xa9, 0x75, 0xa4, 0x39, 0xe6, 0x0e, 0xb6, 0x39,
  0x16, 0x8c, 0x95, 0x39, 0xfc, 0x77, 0x7d, 0x39, 0xdf, 0x62, 0xd6, 0x39,
  0x76, 0x38, 0xae, 0x39, 0x84, 0xc0, 0x87, 0x39, 0x89, 0x43, 0xac, 0x39,
  0x8c, 0x5d, 0x9c, 0x39, 0xc6, 0x9e, 0xa5, 0x39, 0x39, 0x64, 0xc5, 0x39,
  0x7d, 0x46, 0x66, 0x39, 0x1c, 0xa4, 0xb7, 0x39, 0x12, 0x0e, 0xad, 0x39,
  0x39, 0x68, 0xf4, 0x39, 0x46, 0x48, 0xa4, 0x39, 0xb0, 0x85, 0xe5, 0x39,
  0x97, 0x99, 0xb9, 0x39, 0x37, 0xb8, 0x9e, 0x39, 0xbb, 0x74, 0xca, 0x39,
  0xc7, 0xa9, 0xcd, 0x39, 0xb9, 0xeb, 0xa9, 0x39, 0x9a, 0x99, 0xae, 0x39,
  0xde, 0xba, 0xa6, 0x39, 0xbd, 0x15, 0xa2, 0x39, 0x13, 0xaa, 0xa6, 0x39,
  0x12, 0x00, 0x00, 0x00, 0x74, 0x66, 0x6c, 0x2e, 0x70, 0x73, 0x65, 0x75,
  0x64, 0x6f, 0x5f, 0x71, 0x63, 0x6f, 0x6e, 0x73, 0x74, 0x38, 0x00, 0x00,
  0x01, 0x00, 0x00, 0x00, 0x30, 0x00, 0x00, 0x00, 0x00, 0x00, 0x16, 0x00,
  0x1e, 0x00, 0x18, 0x00, 0x17, 0x00, 0x10, 0x00, 0x0c, 0x00, 0x08, 0x00,
  0x00, 0x00, 0x00, 0x00, 0x00, 0x00, 0x07, 0x00, 0x16, 0x00, 0x00, 0x00,
  0x00, 0x00, 0x00, 0x01, 0x28, 0x00, 0x00, 0x00, 0x80, 0x02, 0x00, 0x00,
  0x0f, 0x00, 0x00, 0x00, 0x00, 0x00, 0x00, 0x09, 0x8c, 0x02, 0x00, 0x00,
  0x00, 0x00, 0x12, 0x00, 0x10, 0x00, 0x00, 0x00, 0x00, 0x00, 0x0c, 0x00,
  0x08, 0x00, 0x00, 0x00, 0x00, 0x00, 0x04, 0x00, 0x12, 0x00, 0x00, 0x00,
  0x03, 0x00, 0x00, 0x00, 0x08, 0x00, 0x00, 0x00, 0x8c, 0x01, 0x00, 0x00,
  0x30, 0x00, 0x00, 0x00, 0x00, 0x00, 0x00, 0x00, 0x00, 0x00, 0x00, 0x00,
  0x00, 0x00, 0x00, 0x00, 0x00, 0x00, 0x00, 0x00, 0x00, 0x00, 0x00, 0x00,
  0x00, 0x00, 0x00, 0x00, 0x00, 0x00, 0x00, 0x00, 0x00, 0x00, 0x00, 0x00,
  0x00, 0x00, 0x00, 0x00, 0x00, 0x00, 0x00, 0x00, 0x00, 0x00, 0x00, 0x00,
  0x00, 0x00, 0x00, 0x00, 0x00, 0x00, 0x00, 0x00, 0x00, 0x00, 0x00, 0x00,
  0x00, 0x00, 0x00, 0x00, 0x00, 0x00, 0x00, 0x00, 0x00, 0x00, 0x00, 0x00,
  0x00, 0x00, 0x00, 0x00, 0x00, 0x00, 0x00, 0x00, 0x00, 0x00, 0x00, 0x00,
  0x00, 0x00, 0x00, 0x00, 0x00, 0x00, 0x00, 0x00, 0x00, 0x00, 0x00, 0x00,
  0x00, 0x00, 0x00, 0x00, 0x00, 0x00, 0x00, 0x00, 0x00, 0x00, 0x00, 0x00,
  0x00, 0x00, 0x00, 0x00, 0x00, 0x00, 0x00, 0x00, 0x00, 0x00, 0x00, 0x00,
  0x00, 0x00, 0x00, 0x00, 0x00, 0x00, 0x00, 0x00, 0x00, 0x00, 0x00, 0x00,
  0x00, 0x00, 0x00, 0x00, 0x00, 0x00, 0x00, 0x00, 0x00, 0x00, 0x00, 0x00,
  0x00, 0x00, 0x00, 0x00, 0x00, 0x00, 0x00, 0x00, 0x00, 0x00, 0x00, 0x00,
  0x00, 0x00, 0x00, 0x00, 0x00, 0x00, 0x00, 0x00, 0x00, 0x00, 0x00, 0x00,
  0x00, 0x00, 0x00, 0x00, 0x00, 0x00, 0x00, 0x00, 0x00, 0x00, 0x00, 0x00,
  0x00, 0x00, 0x00, 0x00, 0x00, 0x00, 0x00, 0x00, 0x00, 0x00, 0x00, 0x00,
  0x00, 0x00, 0x00, 0x00, 0x00, 0x00, 0x00, 0x00, 0x00, 0x00, 0x00, 0x00,
  0x00, 0x00, 0x00, 0x00, 0x00, 0x00, 0x00, 0x00, 0x00, 0x00, 0x00, 0x00,
  0x00, 0x00, 0x00, 0x00, 0x00, 0x00, 0x00, 0x00, 0x00, 0x00, 0x00, 0x00,
  0x00, 0x00, 0x00, 0x00, 0x00, 0x00, 0x00, 0x00, 0x00, 0x00, 0x00, 0x00,
  0x00, 0x00, 0x00, 0x00, 0x00, 0x00, 0x00, 0x00, 0x00, 0x00, 0x00, 0x00,
  0x00, 0x00, 0x00, 0x00, 0x00, 0x00, 0x00, 0x00, 0x00, 0x00, 0x00, 0x00,
  0x00, 0x00, 0x00, 0x00, 0x00, 0x00, 0x00, 0x00, 0x00, 0x00, 0x00, 0x00,
  0x00, 0x00, 0x00, 0x00, 0x00, 0x00, 0x00, 0x00, 0x00, 0x00, 0x00, 0x00,
  0x00, 0x00, 0x00, 0x00, 0x00, 0x00, 0x00, 0x00, 0x00, 0x00, 0x00, 0x00,
  0x00, 0x00, 0x00, 0x00, 0x00, 0x00, 0x00, 0x00, 0x00, 0x00, 0x00, 0x00,
  0x00, 0x00, 0x00, 0x00, 0x00, 0x00, 0x00, 0x00, 0x00, 0x00, 0x00, 0x00,
  0x00, 0x00, 0x00, 0x00, 0x00, 0x00, 0x00, 0x00, 0x00, 0x00, 0x00, 0x00,
  0x00, 0x00, 0x00, 0x00, 0x00, 0x00, 0x00, 0x00, 0x00, 0x00, 0x00, 0x00,
  0x00, 0x00, 0x00, 0x00, 0x00, 0x00, 0x00, 0x00, 0x00, 0x00, 0x00, 0x00,
  0x00, 0x00, 0x00, 0x00, 0x00, 0x00, 0x00, 0x00, 0x00, 0x00, 0x00, 0x00,
  0x00, 0x00, 0x00, 0x00, 0x00, 0x00, 0x00, 0x00, 0x00, 0x00, 0x00, 0x00,
  0x00, 0x00, 0x00, 0x00, 0x00, 0x00, 0x00, 0x00, 0x30, 0x00, 0x00, 0x00,
  0x8e, 0x99, 0xfe, 0x3a, 0x9d, 0xce, 0x8a, 0x3a, 0x91, 0x5f, 0x51, 0x3b,
  0xb4, 0x19, 0x19, 0x3b, 0x16, 0x4d, 0x03, 0x3b, 0x0f, 0x2d, 0x14, 0x3b,
  0x61, 0xb2, 0x20, 0x3b, 0x36, 0x8c, 0x2d, 0x3b, 0x11, 0xc2, 0xed, 0x3a,
  0x45, 0x8e, 0xfe, 0x3a, 0xf5, 0x63, 0x0a, 0x3b, 0x54, 0xed, 0xd1, 0x3a,
  0xd7, 0xfc, 0x21, 0x3b, 0x79, 0x2b, 0x29, 0x3b, 0x97, 0xc5, 0x03, 0x3b,
  0x3e, 0x42, 0x0f, 0x3b, 0xb9, 0x9b, 0x01, 0x3b, 0x5a, 0x24, 0x0f, 0x3b,
  0xd0, 0x49, 0xee, 0x3a, 0x3f, 0x96, 0xd0, 0x3a, 0xa1, 0xc5, 0x0c, 0x3b,
  0xb1, 0x23, 0xf1, 0x3a, 0x46, 0xdc, 0x11, 0x3b, 0x91, 0x07, 0xb6, 0x3a,
  0xa0, 0x3c, 0x11, 0x3b, 0x44, 0x47, 0x04, 0x3b, 0x70, 0xc3, 0x20, 0x3b,
  0x5a, 0x0f, 0x21, 0x3b, 0x3f, 0x32, 0x01, 0x3b, 0xb2, 0x02, 0x32, 0x3b,
  0x33, 0x20, 0xd8, 0x3a, 0xc3, 0x47, 0xe4, 0x3a, 0x8f, 0x2e, 0x42, 0x3b,
  0x29, 0x10, 0x13, 0x3b, 0xe3, 0x43, 0xea, 0x3a, 0x53, 0xfa, 0xcb, 0x3a,
  0x81, 0xf2, 0xfd, 0x3a, 0x53, 0xe5, 0xf2, 0x3a, 0xdf, 0x51, 0x10, 0x3b,
  0x54, 0x01, 0xf5, 0x3a, 0x74, 0xaa, 0x14, 0x3b, 0x0f, 0x95, 0x11, 0x3b,
  0xd3, 0xf0, 0xdc, 0x3a, 0x43, 0xc7, 0x16, 0x3b, 0x0e, 0x4e, 0xf8, 0x3a,
  0x74, 0xf3, 0x26, 0x3b, 0xcc, 0x67, 0x28, 0x3b, 0xc3, 0x0c, 0x04, 0x3b,
  0x12, 0x00, 0x00, 0x00, 0x74, 0x66, 0x6c, 0x2e, 0x70, 0x73, 0x65, 0x75,
  0x64, 0x6f, 0x5f, 0x71, 0x63, 0x6f, 0x6e, 0x73, 0x74, 0x37, 0x00, 0x00,
  0x04, 0x00, 0x00, 0x00, 0x01, 0x00, 0x00, 0x00, 0x01, 0x00, 0x00, 0x00,
  0x03, 0x00, 0x00, 0x00, 0x30, 0x00, 0x00, 0x00, 0x02, 0xf1, 0xff, 0xff,
  0x00, 0x00, 0x00, 0x01, 0x14, 0x00, 0x00, 0x00, 0x64, 0x02, 0x00, 0x00,
  0x0e, 0x00, 0x00, 0x00, 0x00, 0x00, 0x00, 0x02, 0x70, 0x02, 0x00, 0x00,
  0x84, 0xf0, 0xff, 0xff, 0x08, 0x00, 0x00, 0x00, 0x88, 0x01, 0x00, 0x00,
  0x30, 0x00, 0x00, 0x00, 0x00, 0x00, 0x00, 0x00, 0x00, 0x00, 0x00, 0x00,
  0x00, 0x00, 0x00, 0x00, 0x00, 0x00, 0x00, 0x00, 0x00, 0x00, 0x00, 0x00,
  0x00, 0x00, 0x00, 0x00, 0x00, 0x00, 0x00, 0x00, 0x00, 0x00, 0x00, 0x00,
  0x00, 0x00, 0x00, 0x00, 0x00, 0x00, 0x00, 0x00, 0x00, 0x00, 0x00, 0x00,
  0x00, 0x00, 0x00, 0x00, 0x00, 0x00, 0x00, 0x00, 0x00, 0x00, 0x00, 0x00,
  0x00, 0x00, 0x00, 0x00, 0x00, 0x00, 0x00, 0x00, 0x00, 0x00, 0x00, 0x00,
  0x00, 0x00, 0x00, 0x00, 0x00, 0x00, 0x00, 0x00, 0x00, 0x00, 0x00, 0x00,
  0x00, 0x00, 0x00, 0x00, 0x00, 0x00, 0x00, 0x00, 0x00, 0x00, 0x00, 0x00,
  0x00, 0x00, 0x00, 0x00, 0x00, 0x00, 0x00, 0x00, 0x00, 0x00, 0x00, 0x00,
  0x00, 0x00, 0x00, 0x00, 0x00, 0x00, 0x00, 0x00, 0x00, 0x00, 0x00, 0x00,
  0x00, 0x00, 0x00, 0x00, 0x00, 0x00, 0x00, 0x00, 0x00, 0x00, 0x00, 0x00,
  0x00, 0x00, 0x00, 0x00, 0x00, 0x00, 0x00, 0x00, 0x00, 0x00, 0x00, 0x00,
  0x00, 0x00, 0x00, 0x00, 0x00, 0x00, 0x00, 0x00, 0x00, 0x00, 0x00, 0x00,
  0x00, 0x00, 0x00, 0x00, 0x00, 0x00, 0x00, 0x00, 0x00, 0x00, 0x00, 0x00,
  0x00, 0x00, 0x00, 0x00, 0x00, 0x00, 0x00, 0x00, 0x00, 0x00, 0x00, 0x00,
  0x00, 0x00, 0x00, 0x00, 0x00, 0x00, 0x00, 0x00, 0x00, 0x00, 0x00, 0x00,
  0x00, 0x00, 0x00, 0x00, 0x00, 0x00, 0x00, 0x00, 0x00, 0x00, 0x00, 0x00,
  0x00, 0x00, 0x00, 0x00, 0x00, 0x00, 0x00, 0x00, 0x00, 0x00, 0x00, 0x00,
  0x00, 0x00, 0x00, 0x00, 0x00, 0x00, 0x00, 0x00, 0x00, 0x00, 0x00, 0x00,
  0x00, 0x00, 0x00, 0x00, 0x00, 0x00, 0x00, 0x00, 0x00, 0x00, 0x00, 0x00,
  0x00, 0x00, 0x00, 0x00, 0x00, 0x00, 0x00, 0x00, 0x00, 0x00, 0x00, 0x00,
  0x00, 0x00, 0x00, 0x00, 0x00, 0x00, 0x00, 0x00, 0x00, 0x00, 0x00, 0x00,
  0x00, 0x00, 0x00, 0x00, 0x00, 0x00, 0x00, 0x00, 0x00, 0x00, 0x00, 0x00,
  0x00, 0x00, 0x00, 0x00, 0x00, 0x00, 0x00, 0x00, 0x00, 0x00, 0x00, 0x00,
  0x00, 0x00, 0x00, 0x00, 0x00, 0x00, 0x00, 0x00, 0x00, 0x00, 0x00, 0x00,
  0x00, 0x00, 0x00, 0x00, 0x00, 0x00, 0x00, 0x00, 0x00, 0x00, 0x00, 0x00,
  0x00, 0x00, 0x00, 0x00, 0x00, 0x00, 0x00, 0x00, 0x00, 0x00, 0x00, 0x00,
  0x00, 0x00, 0x00, 0x00, 0x00, 0x00, 0x00, 0x00, 0x00, 0x00, 0x00, 0x00,
  0x00, 0x00, 0x00, 0x00, 0x00, 0x00, 0x00, 0x00, 0x00, 0x00, 0x00, 0x00,
  0x00, 0x00, 0x00, 0x00, 0x00, 0x00, 0x00, 0x00, 0x00, 0x00, 0x00, 0x00,
  0x00, 0x00, 0x00, 0x00, 0x00, 0x00, 0x00, 0x00, 0x00, 0x00, 0x00, 0x00,
  0x00, 0x00, 0x00, 0x00, 0x00, 0x00, 0x00, 0x00, 0x00, 0x00, 0x00, 0x00,
  0x00, 0x00, 0x00, 0x00, 0x30, 0x00, 0x00, 0x00, 0xae, 0x2c, 0x98, 0x38,
  0x23, 0xee, 0x25, 0x38, 0x03, 0x49, 0xfa, 0x38, 0x38, 0x04, 0xb7, 0x38,
  0x24, 0xf5, 0x9c, 0x38, 0x3e, 0x21, 0xb1, 0x38, 0xe3, 0x18, 0xc0, 0x38,
  0x8f, 0x75, 0xcf, 0x38, 0xb3, 0x1b, 0x8e, 0x38, 0xef, 0x25, 0x98, 0x38,
  0xa4, 0x6e, 0xa5, 0x38, 0x79, 0xf2, 0x7a, 0x38, 0xec, 0xa3, 0xc1, 0x38,
  0xd3, 0x39, 0xca, 0x38, 0x31, 0x85, 0x9d, 0x38, 0x73, 0x40, 0xab, 0x38,
  0x19, 0xef, 0x9a, 0x38, 0xb8, 0x1c, 0xab, 0x38, 0xd6, 0x6c, 0x8e, 0x38,
  0x5a, 0x58, 0x79, 0x38, 0x71, 0x47, 0xa8, 0x38, 0x15, 0x21, 0x90, 0x38,
  0xa0, 0x5c, 0xae, 0x38, 0x33, 0x99, 0x59, 0x38, 0xc8, 0x9d, 0xad, 0x38,
  0x34, 0x20, 0x9e, 0x38, 0x47, 0x2d, 0xc0, 0x38, 0x07, 0x88, 0xc0, 0x38,
  0x02, 0x71, 0x9a, 0x38, 0x49, 0xcb, 0xd4, 0x38, 0xb6, 0x2d, 0x81, 0x38,
  0x7f, 0x71, 0x88, 0x38, 0x16, 0x20, 0xe8, 0x38, 0xac, 0xcc, 0xaf, 0x38,
  0x3f, 0x05, 0x8c, 0x38, 0xdf, 0xd5, 0x73, 0x38, 0xd5, 0xc8, 0x97, 0x38,
  0xd4, 0x2d, 0x91, 0x38, 0x28, 0x85, 0xac, 0x38, 0x97, 0x70, 0x92, 0x38,
  0x23, 0xb7, 0xb1, 0x38, 0x7f, 0x07, 0xae, 0x38, 0x74, 0x0e, 0x84, 0x38,
  0x9f, 0x3d, 0xb4, 0x38, 0x7c, 0x69, 0x94, 0x38, 0xd0, 0x92, 0xc7, 0x38,
  0xea, 0x4f, 0xc9, 0x38, 0x45, 0xda, 0x9d, 0x38, 0x12, 0x00, 0x00, 0x00,
  0x74, 0x66, 0x6c, 0x2e, 0x70, 0x73, 0x65, 0x75, 0x64, 0x6f, 0x5f, 0x71,
  0x63, 0x6f, 0x6e, 0x73, 0x74, 0x36, 0x00, 0x00, 0x01, 0x00, 0x00, 0x00,
  0x30, 0x00, 0x00, 0x00, 0x92, 0xf3, 0xff, 0xff, 0x00, 0x00, 0x00, 0x01,
  0x14, 0x00, 0x00, 0x00, 0x28, 0x03, 0x00, 0x00, 0x0d, 0x00, 0x00, 0x00,
  0x00, 0x00, 0x00, 0x09, 0x34, 0x03, 0x00, 0x00, 0x14, 0xf3, 0xff, 0xff,
  0x08, 0x00, 0x00, 0x00, 0x0c, 0x02, 0x00, 0x00, 0x40, 0x00, 0x00, 0x00,
  0x00, 0x00, 0x00, 0x00, 0x00, 0x00, 0x00, 0x00, 0x00, 0x00, 0x00, 0x00,
  0x00, 0x00, 0x00, 0x00, 0x00, 0x00, 0x00, 0x00, 0x00, 0x00, 0x00, 0x00,
  0x00, 0x00, 0x00, 0x00, 0x00, 0x00, 0x00, 0x00, 0x00, 0x00, 0x00, 0x00,
  0x00, 0x00, 0x00, 0x00, 0x00, 0x00, 0x00, 0x00, 0x00, 0x00, 0x00, 0x00,
  0x00, 0x00, 0x00, 0x00, 0x00, 0x00, 0x00, 0x00, 0x00, 0x00, 0x00, 0x00,
  0x00, 0x00, 0x00, 0x00, 0x00, 0x00, 0x00, 0x00, 0x00, 0x00, 0x00, 0x00,
  0x00, 0x00, 0x00, 0x00, 0x00, 0x00, 0x00, 0x00, 0x00, 0x00, 0x00, 0x00,
  0x00, 0x00, 0x00, 0x00, 0x00, 0x00, 0x00, 0x00, 0x00, 0x00, 0x00, 0x00,
  0x00, 0x00, 0x00, 0x00, 0x00, 0x00, 0x00, 0x00, 0x00, 0x00, 0x00, 0x00,
  0x00, 0x00, 0x00, 0x00, 0x00, 0x00, 0x00, 0x00, 0x00, 0x00, 0x00, 0x00,
  0x00, 0x00, 0x00, 0x00, 0x00, 0x00, 0x00, 0x00, 0x00, 0x00, 0x00, 0x00,
  0x00, 0x00, 0x00, 0x00, 0x00, 0x00, 0x00, 0x00, 0x00, 0x00, 0x00, 0x00,
  0x00, 0x00, 0x00, 0x00, 0x00, 0x00, 0x00, 0x00, 0x00, 0x00, 0x00, 0x00,
  0x00, 0x00, 0x00, 0x00, 0x00, 0x00, 0x00, 0x00, 0x00, 0x00, 0x00, 0x00,
  0x00, 0x00, 0x00, 0x00, 0x00, 0x00, 0x00, 0x00, 0x00, 0x00, 0x00, 0x00,
  0x00, 0x00, 0x00, 0x00, 0x00, 0x00, 0x00, 0x00, 0x00, 0x00, 0x00, 0x00,
  0x00, 0x00, 0x00, 0x00, 0x00, 0x00, 0x00, 0x00, 0x00, 0x00, 0x00, 0x00,
  0x00, 0x00, 0x00, 0x00, 0x00, 0x00, 0x00, 0x00, 0x00, 0x00, 0x00, 0x00,
  0x00, 0x00, 0x00, 0x00, 0x00, 0x00, 0x00, 0x00, 0x00, 0x00, 0x00, 0x00,
  0x00, 0x00, 0x00, 0x00, 0x00, 0x00, 0x00, 0x00, 0x00, 0x00, 0x00, 0x00,
  0x00, 0x00, 0x00, 0x00, 0x00, 0x00, 0x00, 0x00, 0x00, 0x00, 0x00, 0x00,
  0x00, 0x00, 0x00, 0x00, 0x00, 0x00, 0x00, 0x00, 0x00, 0x00, 0x00, 0x00,
  0x00, 0x00, 0x00, 0x00, 0x00, 0x00, 0x00, 0x00, 0x00, 0x00, 0x00, 0x00,
  0x00, 0x00, 0x00, 0x00, 0x00, 0x00, 0x00, 0x00, 0x00, 0x00, 0x00, 0x00,
  0x00, 0x00, 0x00, 0x00, 0x00, 0x00, 0x00, 0x00, 0x00, 0x00, 0x00, 0x00,
  0x00, 0x00, 0x00, 0x00, 0x00, 0x00, 0x00, 0x00, 0x00, 0x00, 0x00, 0x00,
  0x00, 0x00, 0x00, 0x00, 0x00, 0x00, 0x00, 0x00, 0x00, 0x00, 0x00, 0x00,
  0x00, 0x00, 0x00, 0x00, 0x00, 0x00, 0x00, 0x00, 0x00, 0x00, 0x00, 0x00,
  0x00, 0x00, 0x00, 0x00, 0x00, 0x00, 0x00, 0x00, 0x00, 0x00, 0x00, 0x00,
  0x00, 0x00, 0x00, 0x00, 0x00, 0x00, 0x00, 0x00, 0x00, 0x00, 0x00, 0x00,
  0x00, 0x00, 0x00, 0x00, 0x00, 0x00, 0x00, 0x00, 0x00, 0x00, 0x00, 0x00,
  0x00, 0x00, 0x00, 0x00, 0x00, 0x00, 0x00, 0x00, 0x00, 0x00, 0x00, 0x00,
  0x00, 0x00, 0x00, 0x00, 0x00, 0x00, 0x00, 0x00, 0x00, 0x00, 0x00, 0x00,
  0x00, 0x00, 0x00, 0x00, 0x00, 0x00, 0x00, 0x00, 0x00, 0x00, 0x00, 0x00,
  0x00, 0x00, 0x00, 0x00, 0x00, 0x00, 0x00, 0x00, 0x00, 0x00, 0x00, 0x00,
  0x00, 0x00, 0x00, 0x00, 0x00, 0x00, 0x00, 0x00, 0x00, 0x00, 0x00, 0x00,
  0x00, 0x00, 0x00, 0x00, 0x00, 0x00, 0x00, 0x00, 0x00, 0x00, 0x00, 0x00,
  0x00, 0x00, 0x00, 0x00, 0x00, 0x00, 0x00, 0x00, 0x00, 0x00, 0x00, 0x00,
  0x00, 0x00, 0x00, 0x00, 0x00, 0x00, 0x00, 0x00, 0x00, 0x00, 0x00, 0x00,
  0x00, 0x00, 0x00, 0x00, 0x00, 0x00, 0x00, 0x00, 0x00, 0x00, 0x00, 0x00,
  0x00, 0x00, 0x00, 0x00, 0x00, 0x00, 0x00, 0x00, 0x00, 0x00, 0x00, 0x00,
  0x00, 0x00, 0x00, 0x00, 0x00, 0x00, 0x00, 0x00, 0x00, 0x00, 0x00, 0x00,
  0x00, 0x00, 0x00, 0x00, 0x00, 0x00, 0x00, 0x00, 0x00, 0x00, 0x00, 0x00,
  0x40, 0x00, 0x00, 0x00, 0x31, 0x03, 0x86, 0x3c, 0x2a, 0x91, 0x87, 0x3c,
  0x1c, 0x3d, 0x18, 0x3c, 0x53, 0x1b, 0x4c, 0x3c, 0x4e, 0x58, 0x66, 0x3c,
  0xff, 0x16, 0x83, 0x3c, 0xce, 0xe0, 0x69, 0x3c, 0x8d, 0x56, 0x6d, 0x3c,
  0x61, 0x64, 0x2e, 0x3c, 0x49, 0xc2, 0x7d, 0x3c, 0x94, 0x69, 0x42, 0x3c,
  0xe9, 0x9c, 0x3a, 0x3c, 0x1e, 0xb3, 0x6c, 0x3c, 0xd1, 0x27, 0x29, 0x3c,
  0xe1, 0xe5, 0x83, 0x3c, 0xd9, 0xbc, 0x6b, 0x3c, 0xe9, 0x98, 0x6a, 0x3c,
  0x44, 0x6f, 0x9d, 0x3c, 0xe2, 0x93, 0x83, 0x3c, 0x15, 0xdc, 0x34, 0x3c,
  0xc9, 0x08, 0x64, 0x3c, 0xab, 0x18, 0x70, 0x3c, 0xcd, 0x17, 0x6f, 0x3c,
  0x7e, 0x5b, 0x61, 0x3c, 0xde, 0xf6, 0x5c, 0x3c, 0x4f, 0x13, 0x95, 0x3c,
  0xfd, 0x66, 0x76, 0x3c, 0x9c, 0x68, 0x1c, 0x3c, 0x5e, 0xd1, 0x9a, 0x3c,
  0x50, 0x61, 0x44, 0x3c, 0x42, 0x0b, 0x4c, 0x3c, 0x23, 0xc1, 0xb9, 0x3c,
  0x6d, 0x46, 0x88, 0x3c, 0x8f, 0x95, 0x90, 0x3c, 0x60, 0x56, 0x73, 0x3c,
  0xe6, 0xb1, 0x80, 0x3c, 0xe9, 0x4b, 0x3a, 0x3c, 0xfb, 0x29, 0x67, 0x3c,
  0xbe, 0x98, 0x36, 0x3c, 0xc6, 0x76, 0x75, 0x3c, 0x59, 0x6c, 0x36, 0x3c,
  0xac, 0x18, 0xa6, 0x3c, 0x92, 0x04, 0x75, 0x3c, 0xf7, 0x29, 0x87, 0x3c,
  0x55, 0x06, 0x39, 0x3c, 0xd9, 0xf4, 0x5f, 0x3c, 0xc3, 0x69, 0x98, 0x3c,
  0x08, 0x85, 0x62, 0x3c, 0x30, 0x57, 0x85, 0x3c, 0x0d, 0x24, 0x33, 0x3c,
  0xed, 0x26, 0x56, 0x3c, 0xc8, 0x4f, 0x0b, 0x3c, 0xc5, 0xaa, 0x64, 0x3c,
  0x77, 0xc3, 0x81, 0x3c, 0x01, 0xc3, 0x36, 0x3c, 0xed, 0x74, 0x7c, 0x3c,
  0x3d, 0xbb, 0x8b, 0x3c, 0x89, 0xf4, 0x56, 0x3c, 0x70, 0xcd, 0x53, 0x3c,
  0x07, 0x8f, 0xac, 0x3c, 0x3e, 0x70, 0x85, 0x3c, 0xb1, 0xcb, 0x77, 0x3c,
  0xd8, 0xc1, 0x70, 0x3c, 0x14, 0x7d, 0x3a, 0x3c, 0x12, 0x00, 0x00, 0x00,
  0x74, 0x66, 0x6c, 0x2e, 0x70, 0x73, 0x65, 0x75, 0x64, 0x6f, 0x5f, 0x71,
  0x63, 0x6f, 0x6e, 0x73, 0x74, 0x35, 0x00, 0x00, 0x04, 0x00, 0x00, 0x00,
  0x40, 0x00, 0x00, 0x00, 0x01, 0x00, 0x00, 0x00, 0x01, 0x00, 0x00, 0x00,
  0x30, 0x00, 0x00, 0x00, 0xf2, 0xf6, 0xff, 0xff, 0x00, 0x00, 0x00, 0x01,
  0x14, 0x00, 0x00, 0x00, 0x24, 0x03, 0x00, 0x00, 0x0c, 0x00, 0x00, 0x00,
  0x00, 0x00, 0x00, 0x02, 0x30, 0x03, 0x00, 0x00, 0x74, 0xf6, 0xff, 0xff,
  0x08, 0x00, 0x00, 0x00, 0x08, 0x02, 0x00, 0x00, 0x40, 0x00, 0x00, 0x00,
  0x00, 0x00, 0x00, 0x00, 0x00, 0x00, 0x00, 0x00, 0x00, 0x00, 0x00, 0x00,
  0x00, 0x00, 0x00, 0x00, 0x00, 0x00, 0x00, 0x00, 0x00, 0x00, 0x00, 0x00,
  0x00, 0x00, 0x00, 0x00, 0x00, 0x00, 0x00, 0x00, 0x00, 0x00, 0x00, 0x00,
  0x00, 0x00, 0x00, 0x00, 0x00, 0x00, 0x00, 0x00, 0x00, 0x00, 0x00, 0x00,
  0x00, 0x00, 0x00, 0x00, 0x00, 0x00, 0x00, 0x00, 0x00, 0x00, 0x00, 0x00,
  0x00, 0x00, 0x00, 0x00, 0x00, 0x00, 0x00, 0x00, 0x00, 0x00, 0x00, 0x00,
  0x00, 0x00, 0x00, 0x00, 0x00, 0x00, 0x00, 0x00, 0x00, 0x00, 0x00, 0x00,
  0x00, 0x00, 0x00, 0x00, 0x00, 0x00, 0x00, 0x00, 0x00, 0x00, 0x00, 0x00,
  0x00, 0x00, 0x00, 0x00, 0x00, 0x00, 0x00, 0x00, 0x00, 0x00, 0x00, 0x00,
  0x00, 0x00, 0x00, 0x00, 0x00, 0x00, 0x00, 0x00, 0x00, 0x00, 0x00, 0x00,
  0x00, 0x00, 0x00, 0x00, 0x00, 0x00, 0x00, 0x00, 0x00, 0x00, 0x00, 0x00,
  0x00, 0x00, 0x00, 0x00, 0x00, 0x00, 0x00, 0x00, 0x00, 0x00, 0x00, 0x00,
  0x00, 0x00, 0x00, 0x00, 0x00, 0x00, 0x00, 0x00, 0x00, 0x00, 0x00, 0x00,
  0x00, 0x00, 0x00, 0x00, 0x00, 0x00, 0x00, 0x00, 0x00, 0x00, 0x00, 0x00,
  0x00, 0x00, 0x00, 0x00, 0x00, 0x00, 0x00, 0x00, 0x00, 0x00, 0x00, 0x00,
  0x00, 0x00, 0x00, 0x00, 0x00, 0x00, 0x00, 0x00, 0x00, 0x00, 0x00, 0x00,
  0x00, 0x00, 0x00, 0x00, 0x00, 0x00, 0x00, 0x00, 0x00, 0x00, 0x00, 0x00,
  0x00, 0x00, 0x00, 0x00, 0x00, 0x00, 0x00, 0x00, 0x00, 0x00, 0x00, 0x00,
  0x00, 0x00, 0x00, 0x00, 0x00, 0x00, 0x00, 0x00, 0x00, 0x00, 0x00, 0x00,
  0x00, 0x00, 0x00, 0x00, 0x00, 0x00, 0x00, 0x00, 0x00, 0x00, 0x00, 0x00,
  0x00, 0x00, 0x00, 0x00, 0x00, 0x00, 0x00, 0x00, 0x00, 0x00, 0x00, 0x00,
  0x00, 0x00, 0x00, 0x00, 0x00, 0x00, 0x00, 0x00, 0x00, 0x00, 0x00, 0x00,
  0x00, 0x00, 0x00, 0x00, 0x00, 0x00, 0x00, 0x00, 0x00, 0x00, 0x00, 0x00,
  0x00, 0x00, 0x00, 0x00, 0x00, 0x00, 0x00, 0x00, 0x00, 0x00, 0x00, 0x00,
  0x00, 0x00, 0x00, 0x00, 0x00, 0x00, 0x00, 0x00, 0x00, 0x00, 0x00, 0x00,
  0x00, 0x00, 0x00, 0x00, 0x00, 0x00, 0x00, 0x00, 0x00, 0x00, 0x00, 0x00,
  0x00, 0x00, 0x00, 0x00, 0x00, 0x00, 0x00, 0x00, 0x00, 0x00, 0x00, 0x00,
  0x00, 0x00, 0x00, 0x00, 0x00, 0x00, 0x00, 0x00, 0x00, 0x00, 0x00, 0x00,
  0x00, 0x00, 0x00, 0x00, 0x00, 0x00, 0x00, 0x00, 0x00, 0x00, 0x00, 0x00,
  0x00, 0x00, 0x00, 0x00, 0x00, 0x00, 0x00, 0x00, 0x00, 0x00, 0x00, 0x00,
  0x00, 0x00, 0x00, 0x00, 0x00, 0x00, 0x00, 0x00, 0x00, 0x00, 0x00, 0x00,
  0x00, 0x00, 0x00, 0x00, 0x00, 0x00, 0x00, 0x00, 0x00, 0x00, 0x00, 0x00,
  0x00, 0x00, 0x00, 0x00, 0x00, 0x00, 0x00, 0x00, 0x00, 0x00, 0x00, 0x00,
  0x00, 0x00, 0x00, 0x00, 0x00, 0x00, 0x00, 0x00, 0x00, 0x00, 0x00, 0x00,
  0x00, 0x00, 0x00, 0x00, 0x00, 0x00, 0x00, 0x00, 0x00, 0x00, 0x00, 0x00,
  0x00, 0x00, 0x00, 0x00, 0x00, 0x00, 0x00, 0x00, 0x00, 0x00, 0x00, 0x00,
  0x00, 0x00, 0x00, 0x00, 0x00, 0x00, 0x00, 0x00, 0x00, 0x00, 0x00, 0x00,
  0x00, 0x00, 0x00, 0x00, 0x00, 0x00, 0x00, 0x00, 0x00, 0x00, 0x00, 0x00,
  0x00, 0x00, 0x00, 0x00, 0x00, 0x00, 0x00, 0x00, 0x00, 0x00, 0x00, 0x00,
  0x00, 0x00, 0x00, 0x00, 0x00, 0x00, 0x00, 0x00, 0x00, 0x00, 0x00, 0x00,
  0x00, 0x00, 0x00, 0x00, 0x00, 0x00, 0x00, 0x00, 0x00, 0x00, 0x00, 0x00,
  0x00, 0x00, 0x00, 0x00, 0x00, 0x00, 0x00, 0x00, 0x00, 0x00, 0x00, 0x00,
  0x00, 0x00, 0x00, 0x00, 0x00, 0x00, 0x00, 0x00, 0x40, 0x00, 0x00, 0x00,
  0x14, 0x85, 0xd4, 0x39, 0x31, 0xfc, 0xd6, 0x39, 0x64, 0x6c, 0x71, 0x39,
  0xa2, 0xd6, 0xa1, 0x39, 0x99, 0xa4, 0xb6, 0x39, 0x93, 0xe2, 0xcf, 0x39,
  0xca, 0x71, 0xb9, 0x39, 0x1b, 0x30, 0xbc, 0x39, 0x01, 0x47, 0x8a, 0x39,
  0x4a, 0x35, 0xc9, 0x39, 0xd5, 0x26, 0x9a, 0x39, 0xa7, 0xf7, 0x93, 0x39,
  0x84, 0xae, 0xbb, 0x39, 0x0f, 0x20, 0x86, 0x39, 0xa7, 0x2a, 0xd1, 0x39,
  0x3f, 0xeb, 0xba, 0x39, 0xc4, 0x03, 0xba, 0x39, 0xc8, 0xa9, 0xf9, 0x39,
  0x9f, 0xa8, 0xd0, 0x39, 0xd5, 0x67, 0x8f, 0x39, 0x94, 0xcf, 0xb4, 0x39,
  0xfe, 0x5f, 0xbe, 0x39, 0x52, 0x94, 0xbd, 0x39, 0x33, 0xb0, 0xb2, 0x39,
  0x79, 0x34, 0xaf, 0x39, 0x31, 0x68, 0xec, 0x39, 0x01, 0x60, 0xc3, 0x39,
  0x41, 0x09, 0x78, 0x39, 0x71, 0x83, 0xf5, 0x39, 0x3f, 0xb6, 0x9b, 0x39,
  0xe5, 0xc9, 0xa1, 0x39, 0x64, 0x49, 0x13, 0x3a, 0xa4, 0x1b, 0xd8, 0x39,
  0xe5, 0x48, 0xe5, 0x39, 0xe0, 0xf1, 0xc0, 0x39, 0x4f, 0x16, 0xcc, 0x39,
  0x6d, 0xb7, 0x93, 0x39, 0xdb, 0x4a, 0xb7, 0x39, 0x68, 0xc8, 0x90, 0x39,
  0x89, 0xa1, 0xc2, 0x39, 0x35, 0xa5, 0x90, 0x39, 0x18, 0xb3, 0x03, 0x3a,
  0xfc, 0x46, 0xc2, 0x39, 0x89, 0x58, 0xd6, 0x39, 0x45, 0xb5, 0x92, 0x39,
  0xd4, 0x93, 0xb1, 0x39, 0x33, 0xb3, 0xf1, 0x39, 0x20, 0x9c, 0xb3, 0x39,
  0x4f, 0x74, 0xd3, 0x39, 0xed, 0x0a, 0x8e, 0x39, 0xaf, 0xcd, 0xa9, 0x39,
  0x63, 0xec, 0x5c, 0x39, 0x04, 0x50, 0xb5, 0x39, 0x23, 0xc8, 0xcd, 0x39,
  0xea, 0xe9, 0x90, 0x39, 0xf7, 0x2c, 0xc8, 0x39, 0xcb, 0x96, 0xdd, 0x39,
  0xb7, 0x70, 0xaa, 0x39, 0xc2, 0xf0, 0xa7, 0x39, 0xda, 0xd2, 0x08, 0x3a,
  0x0b, 0x9c, 0xd3, 0x39, 0xd7, 0x7a, 0xc4, 0x39, 0x22, 0xe6, 0xbe, 0x39,
  0x69, 0xde, 0x93, 0x39, 0x12, 0x00, 0x00, 0x00, 0x74, 0x66, 0x6c, 0x2e,
  0x70, 0x73, 0x65, 0x75, 0x64, 0x6f, 0x5f, 0x71, 0x63, 0x6f, 0x6e, 0x73,
  0x74, 0x34, 0x00, 0x00, 0x01, 0x00, 0x00, 0x00, 0x40, 0x00, 0x00, 0x00,
  0x42, 0xfa, 0xff, 0xff, 0x00, 0x00, 0x00, 0x01, 0x14, 0x00, 0x00, 0x00,
  0xa8, 0x01, 0x00, 0x00, 0x0b, 0x00, 0x00, 0x00, 0x00, 0x00, 0x00, 0x09,
  0xb4, 0x01, 0x00, 0x00, 0xc4, 0xf9, 0xff, 0xff, 0x08, 0x00, 0x00, 0x00,
  0x0c, 0x01, 0x00, 0x00, 0x20, 0x00, 0x00, 0x00, 0x00, 0x00, 0x00, 0x00,
  0x00, 0x00, 0x00, 0x00, 0x00, 0x00, 0x00, 0x00, 0x00, 0x00, 0x00, 0x00,
  0x00, 0x00, 0x00, 0x00, 0x00, 0x00, 0x00, 0x00, 0x00, 0x00, 0x00, 0x00,
  0x00, 0x00, 0x00, 0x00, 0x00, 0x00, 0x00, 0x00, 0x00, 0x00, 0x00, 0x00,
  0x00, 0x00, 0x00, 0x00, 0x00, 0x00, 0x00, 0x00, 0x00, 0x00, 0x00, 0x00,
  0x00, 0x00, 0x00, 0x00, 0x00, 0x00, 0x00, 0x00, 0x00, 0x00, 0x00, 0x00,
  0x00, 0x00, 0x00, 0x00, 0x00, 0x00, 0x00, 0x00, 0x00, 0x00, 0x00, 0x00,
  0x00, 0x00, 0x00, 0x00, 0x00, 0x00, 0x00, 0x00, 0x00, 0x00, 0x00, 0x00,
  0x00, 0x00, 0x00, 0x00, 0x00, 0x00, 0x00, 0x00, 0x00, 0x00, 0x00, 0x00,
  0x00, 0x00, 0x00, 0x00, 0x00, 0x00, 0x00, 0x00, 0x00, 0x00, 0x00, 0x00,
  0x00, 0x00, 0x00, 0x00, 0x00, 0x00, 0x00, 0x00, 0x00, 0x00, 0x00, 0x00,
  0x00, 0x00, 0x00, 0x00, 0x00, 0x00, 0x00, 0x00, 0x00, 0x00, 0x00, 0x00,
  0x00, 0x00, 0x00, 0x00, 0x00, 0x00, 0x00, 0x00, 0x00, 0x00, 0x00, 0x00,
  0x00, 0x00, 0x00, 0x00, 0x00, 0x00, 0x00, 0x00, 0x00, 0x00, 0x00, 0x00,
  0x00, 0x00, 0x00, 0x00, 0x00, 0x00, 0x00, 0x00, 0x00, 0x00, 0x00, 0x00,
  0x00, 0x00, 0x00, 0x00, 0x00, 0x00, 0x00, 0x00, 0x00, 0x00, 0x00, 0x00,
  0x00, 0x00, 0x00, 0x00, 0x00, 0x00, 0x00, 0x00, 0x00, 0x00, 0x00, 0x00,
  0x00, 0x00, 0x00, 0x00, 0x00, 0x00, 0x00, 0x00, 0x00, 0x00, 0x00, 0x00,
  0x00, 0x00, 0x00, 0x00, 0x00, 0x00, 0x00, 0x00, 0x00, 0x00, 0x00, 0x00,
  0x00, 0x00, 0x00, 0x00, 0x00, 0x00, 0x00, 0x00, 0x00, 0x00, 0x00, 0x00,
  0x00, 0x00, 0x00, 0x00, 0x00, 0x00, 0x00, 0x00, 0x00, 0x00, 0x00, 0x00,
  0x00, 0x00, 0x00, 0x00, 0x00, 0x00, 0x00, 0x00, 0x00, 0x00, 0x00, 0x00,
  0x00, 0x00, 0x00, 0x00, 0x20, 0x00, 0x00, 0x00, 0x0a, 0x5e, 0x83, 0x3b,
  0x7c, 0x7c, 0x0d, 0x3b, 0xe0, 0xba, 0x00, 0x3b, 0x47, 0x2a, 0x6e, 0x3b,
  0x02, 0x0d, 0x00, 0x3b, 0x87, 0xd3, 0xaa, 0x3b, 0x18, 0xe3, 0x82, 0x3b,
  0xec, 0xe3, 0x82, 0x3b, 0xe1, 0xc2, 0xb4, 0x3b, 0x15, 0x2b, 0x95, 0x3b,
  0x9e, 0x54, 0x92, 0x3b, 0x2f, 0x0d, 0x80, 0x3b, 0xda, 0x10, 0xaf, 0x3b,
  0xb0, 0x73, 0x0b, 0x3b, 0xfd, 0x80, 0x8d, 0x3b, 0xcf, 0x02, 0x8a, 0x3b,
  0x37, 0xf6, 0x0d, 0x3b, 0x3b, 0x6b, 0xb0, 0x3b, 0x39, 0xd5, 0xa7, 0x3b,
  0x14, 0xcb, 0x00, 0x3b, 0xbb, 0x70, 0x84, 0x3b, 0xf1, 0xaf, 0x96, 0x3b,
  0x3e, 0x58, 0x14, 0x3b, 0x91, 0xa0, 0x88, 0x3b, 0xe6, 0x8e, 0x86, 0x3b,
  0x90, 0x3b, 0x82, 0x3b, 0x55, 0xc6, 0x87, 0x3b, 0x6d, 0x38, 0x7a, 0x3b,
  0x69, 0x74, 0x7e, 0x3b, 0x58, 0x47, 0x7a, 0x3b, 0x00, 0xe4, 0xf9, 0x3a,
  0x13, 0x32, 0x0b, 0x3b, 0x12, 0x00, 0x00, 0x00, 0x74, 0x66, 0x6c, 0x2e,
  0x70, 0x73, 0x65, 0x75, 0x64, 0x6f, 0x5f, 0x71, 0x63, 0x6f, 0x6e, 0x73,
  0x74, 0x33, 0x00, 0x00, 0x02, 0x00, 0x00, 0x00, 0x20, 0x00, 0x00, 0x00,
  0x40, 0x00, 0x00, 0x00, 0x1a, 0xfc, 0xff, 0xff, 0x00, 0x00, 0x00, 0x01,
  0x14, 0x00, 0x00, 0x00, 0xa4, 0x01, 0x00, 0x00, 0x0a, 0x00, 0x00, 0x00,
  0x00, 0x00, 0x00, 0x02, 0xb0, 0x01, 0x00, 0x00, 0x9c, 0xfb, 0xff, 0xff,
  0x08, 0x00, 0x00, 0x00, 0x08, 0x01, 0x00, 0x00, 0x20, 0x00, 0x00, 0x00,
  0x00, 0x00, 0x00, 0x00, 0x00, 0x00, 0x00, 0x00, 0x00, 0x00, 0x00, 0x00,
  0x00, 0x00, 0x00, 0x00, 0x00, 0x00, 0x00, 0x00, 0x00, 0x00, 0x00, 0x00,
  0x00, 0x00, 0x00, 0x00, 0x00, 0x00, 0x00, 0x00, 0x00, 0x00, 0x00, 0x00,
  0x00, 0x00, 0x00, 0x00, 0x00, 0x00, 0x00, 0x00, 0x00, 0x00, 0x00, 0x00,
  0x00, 0x00, 0x00, 0x00, 0x00, 0x00, 0x00, 0x00, 0x00, 0x00, 0x00, 0x00,
  0x00, 0x00, 0x00, 0x00, 0x00, 0x00, 0x00, 0x00, 0x00, 0x00, 0x00, 0x00,
  0x00, 0x00, 0x00, 0x00, 0x00, 0x00, 0x00, 0x00, 0x00, 0x00, 0x00, 0x00,
  0x00, 0x00, 0x00, 0x00, 0x00, 0x00, 0x00, 0x00, 0x00, 0x00, 0x00, 0x00,
  0x00, 0x00, 0x00, 0x00, 0x00, 0x00, 0x00, 0x00, 0x00, 0x00, 0x00, 0x00,
  0x00, 0x00, 0x00, 0x00, 0x00, 0x00, 0x00, 0x00, 0x00, 0x00, 0x00, 0x00,
  0x00, 0x00, 0x00, 0x00, 0x00, 0x00, 0x00, 0x00, 0x00, 0x00, 0x00, 0x00,
  0x00, 0x00, 0x00, 0x00, 0x00, 0x00, 0x00, 0x00, 0x00, 0x00, 0x00, 0x00,
  0x00, 0x00, 0x00, 0x00, 0x00, 0x00, 0x00, 0x00, 0x00, 0x00, 0x00, 0x00,
  0x00, 0x00, 0x00, 0x00, 0x00, 0x00, 0x00, 0x00, 0x00, 0x00, 0x00, 0x00,
  0x00, 0x00, 0x00, 0x00, 0x00, 0x00, 0x00, 0x00, 0x00, 0x00, 0x00, 0x00,
  0x00, 0x00, 0x00, 0x00, 0x00, 0x00, 0x00, 0x00, 0x00, 0x00, 0x00, 0x00,
  0x00, 0x00, 0x00, 0x00, 0x00, 0x00, 0x00, 0x00, 0x00, 0x00, 0x00, 0x00,
  0x00, 0x00, 0x00, 0x00, 0x00, 0x00, 0x00, 0x00, 0x00, 0x00, 0x00, 0x00,
  0x00, 0x00, 0x00, 0x00, 0x00, 0x00, 0x00, 0x00, 0x00, 0x00, 0x00, 0x00,
  0x00, 0x00, 0x00, 0x00, 0x00, 0x00, 0x00, 0x00, 0x00, 0x00, 0x00, 0x00,
  0x00, 0x00, 0x00, 0x00, 0x00, 0x00, 0x00, 0x00, 0x00, 0x00, 0x00, 0x00,
  0x00, 0x00, 0x00, 0x00, 0x20, 0x00, 0x00, 0x00, 0x2a, 0xe4, 0x0b, 0x38,
  0xb2, 0xaa, 0x96, 0x37, 0x31, 0x15, 0x89, 0x37, 0x68, 0x9e, 0xfd, 0x37,
  0x0b, 0x5c, 0x88, 0x37, 0x1a, 0xe9, 0x35, 0x38, 0x3e, 0x61, 0x0b, 0x38,
  0x20, 0x62, 0x0b, 0x38, 0x7b, 0x7d, 0x40, 0x38, 0xe6, 0xd8, 0x1e, 0x38,
  0x4b, 0xd3, 0x1b, 0x38, 0x3b, 0x5c, 0x08, 0x38, 0xd9, 0x6c, 0x3a, 0x38,
  0x1b, 0x80, 0x94, 0x37, 0x7e, 0xaf, 0x16, 0x38, 0x4a, 0xf7, 0x12, 0x38,
  0x53, 0x2c, 0x97, 0x37, 0xb4, 0xdd, 0x3b, 0x38, 0x13, 0xb9, 0x32, 0x38,
  0x72, 0x26, 0x89, 0x37, 0xae, 0x08, 0x0d, 0x38, 0xfd, 0x76, 0x20, 0x38,
  0x60, 0xf8, 0x9d, 0x37, 0x10, 0x7e, 0x11, 0x38, 0x07, 0x4a, 0x0f, 0x38,
  0xd7, 0xae, 0x0a, 0x38, 0xab, 0x95, 0x10, 0x38, 0x67, 0x3a, 0x05, 0x38,
  0x90, 0x7b, 0x07, 0x38, 0x58, 0x42, 0x05, 0x38, 0x73, 0x0d, 0x85, 0x37,
  0x3c, 0x3a, 0x94, 0x37, 0x12, 0x00, 0x00, 0x00, 0x74, 0x66, 0x6c, 0x2e,
  0x70, 0x73, 0x65, 0x75, 0x64, 0x6f, 0x5f, 0x71, 0x63, 0x6f, 0x6e, 0x73,
  0x74, 0x32, 0x00, 0x00, 0x01, 0x00, 0x00, 0x00, 0x20, 0x00, 0x00, 0x00,
  0xea, 0xfd, 0xff, 0xff, 0x00, 0x00, 0x00, 0x01, 0x14, 0x00, 0x00, 0x00,
  0x48, 0x00, 0x00, 0x00, 0x09, 0x00, 0x00, 0x00, 0x00, 0x00, 0x00, 0x09,
  0x54, 0x00, 0x00, 0x00, 0x6c, 0xfd, 0xff, 0xff, 0x08, 0x00, 0x00, 0x00,
  0x20, 0x00, 0x00, 0x00, 0x03, 0x00, 0x00, 0x00, 0x00, 0x00, 0x00, 0x00,
  0x00, 0x00, 0x00, 0x00, 0x00, 0x00, 0x00, 0x00, 0x00, 0x00, 0x00, 0x00,
  0x00, 0x00, 0x00, 0x00, 0x00, 0x00, 0x00, 0x00, 0x03, 0x00, 0x00, 0x00,
  0x3b, 0x20, 0x03, 0x3c, 0xe2, 0x2b, 0x52, 0x3c, 0xb6, 0x74, 0x24, 0x3c,
  0x12, 0x00, 0x00, 0x00, 0x74, 0x66, 0x6c, 0x2e, 0x70, 0x73, 0x65, 0x75,
  0x64, 0x6f, 0x5f, 0x71, 0x63, 0x6f, 0x6e, 0x73, 0x74, 0x31, 0x00, 0x00,
  0x02, 0x00, 0x00, 0x00, 0x03, 0x00, 0x00, 0x00, 0x20, 0x00, 0x00, 0x00,
  0x62, 0xfe, 0xff, 0xff, 0x00, 0x00, 0x00, 0x01, 0x14, 0x00, 0x00, 0x00,
  0x48, 0x00, 0x00, 0x00, 0x08, 0x00, 0x00, 0x00, 0x00, 0x00, 0x00, 0x02,
  0x54, 0x00, 0x00, 0x00, 0xe4, 0xfd, 0xff, 0xff, 0x08, 0x00, 0x00, 0x00,
  0x20, 0x00, 0x00, 0x00, 0x03, 0x00, 0x00, 0x00, 0x00, 0x00, 0x00, 0x00,
  0x00, 0x00, 0x00, 0x00, 0x00, 0x00, 0x00, 0x00, 0x00, 0x00, 0x00, 0x00,
  0x00, 0x00, 0x00, 0x00, 0x00, 0x00, 0x00, 0x00, 0x03, 0x00, 0x00, 0x00,
  0x06, 0xe3, 0xc0, 0x38, 0xe1, 0x94, 0x1a, 0x39, 0x57, 0xea, 0xf1, 0x38,
  0x11, 0x00, 0x00, 0x00, 0x74, 0x66, 0x6c, 0x2e, 0x70, 0x73, 0x65, 0x75,
  0x64, 0x6f, 0x5f, 0x71, 0x63, 0x6f, 0x6e, 0x73, 0x74, 0x00, 0x00, 0x00,
  0x01, 0x00, 0x00, 0x00, 0x03, 0x00, 0x00, 0x00, 0xd6, 0xfe, 0xff, 0xff,
  0x00, 0x00, 0x00, 0x01, 0x14, 0x00, 0x00, 0x00, 0x14, 0x00, 0x00, 0x00,
  0x07, 0x00, 0x00, 0x00, 0x00, 0x00, 0x00, 0x02, 0x1c, 0x00, 0x00, 0x00,
  0xc0, 0xfe, 0xff, 0xff, 0x0f, 0x00, 0x00, 0x00, 0x61, 0x72, 0x69, 0x74,
  0x68, 0x2e, 0x63, 0x6f, 0x6e, 0x73, 0x74, 0x61, 0x6e, 0x74, 0x35, 0x00,
  0x01, 0x00, 0x00, 0x00, 0x03, 0x00, 0x00, 0x00, 0x12, 0xff, 0xff, 0xff,
  0x00, 0x00, 0x00, 0x01, 0x14, 0x00, 0x00, 0x00, 0x14, 0x00, 0x00, 0x00,
  0x06, 0x00, 0x00, 0x00, 0x00, 0x00, 0x00, 0x02, 0x1c, 0x00, 0x00, 0x00,
  0xfc, 0xfe, 0xff, 0xff, 0x0f, 0x00, 0x00, 0x00, 0x61, 0x72, 0x69, 0x74,
  0x68, 0x2e, 0x63, 0x6f, 0x6e, 0x73, 0x74, 0x61, 0x6e, 0x74, 0x34, 0x00,
  0x01, 0x00, 0x00, 0x00, 0x03, 0x00, 0x00, 0x00, 0x4e, 0xff, 0xff, 0xff,
  0x00, 0x00, 0x00, 0x01, 0x14, 0x00, 0x00, 0x00, 0x14, 0x00, 0x00, 0x00,
  0x05, 0x00, 0x00, 0x00, 0x00, 0x00, 0x00, 0x02, 0x1c, 0x00, 0x00, 0x00,
  0x38, 0xff, 0xff, 0xff, 0x0f, 0x00, 0x00, 0x00, 0x61, 0x72, 0x69, 0x74,
  0x68, 0x2e, 0x63, 0x6f, 0x6e, 0x73, 0x74, 0x61, 0x6e, 0x74, 0x33, 0x00,
  0x01, 0x00, 0x00, 0x00, 0x03, 0x00, 0x00, 0x00, 0x8a, 0xff, 0xff, 0xff,
  0x00, 0x00, 0x00, 0x01, 0x14, 0x00, 0x00, 0x00, 0x14, 0x00, 0x00, 0x00,
  0x04, 0x00, 0x00, 0x00, 0x00, 0x00, 0x00, 0x02, 0x1c, 0x00, 0x00, 0x00,
  0x74, 0xff, 0xff, 0xff, 0x0f, 0x00, 0x00, 0x00, 0x61, 0x72, 0x69, 0x74,
  0x68, 0x2e, 0x63, 0x6f, 0x6e, 0x73, 0x74, 0x61, 0x6e, 0x74, 0x32, 0x00,
  0x00, 0x00, 0x00, 0x00, 0xc2, 0xff, 0xff, 0xff, 0x00, 0x00, 0x00, 0x01,
  0x14, 0x00, 0x00, 0x00, 0x14, 0x00, 0x00, 0x00, 0x03, 0x00, 0x00, 0x00,
  0x00, 0x00, 0x00, 0x02, 0x1c, 0x00, 0x00, 0x00, 0xac, 0xff, 0xff, 0xff,
  0x0f, 0x00, 0x00, 0x00, 0x61, 0x72, 0x69, 0x74, 0x68, 0x2e, 0x63, 0x6f,
  0x6e, 0x73, 0x74, 0x61, 0x6e, 0x74, 0x31, 0x00, 0x01, 0x00, 0x00, 0x00,
  0x03, 0x00, 0x00, 0x00, 0x00, 0x00, 0x16, 0x00, 0x1c, 0x00, 0x18, 0x00,
  0x17, 0x00, 0x10, 0x00, 0x0c, 0x00, 0x08, 0x00, 0x00, 0x00, 0x00, 0x00,
  0x00, 0x00, 0x07, 0x00, 0x16, 0x00, 0x00, 0x00, 0x00, 0x00, 0x00, 0x01,
  0x18, 0x00, 0x00, 0x00, 0x18, 0x00, 0x00, 0x00, 0x02, 0x00, 0x00, 0x00,
  0x00, 0x00, 0x00, 0x02, 0x20, 0x00, 0x00, 0x00, 0x04, 0x00, 0x04, 0x00,
  0x04, 0x00, 0x00, 0x00, 0x0e, 0x00, 0x00, 0x00, 0x61, 0x72, 0x69, 0x74,
  0x68, 0x2e, 0x63, 0x6f, 0x6e, 0x73, 0x74, 0x61, 0x6e, 0x74, 0x00, 0x00,
  0x00, 0x00, 0x00, 0x00, 0x00, 0x00, 0x16, 0x00, 0x20, 0x00, 0x1c, 0x00,
  0x1b, 0x00, 0x14, 0x00, 0x10, 0x00, 0x0c, 0x00, 0x00, 0x00, 0x00, 0x00,
  0x08, 0x00, 0x07, 0x00, 0x16, 0x00, 0x00, 0x00, 0x00, 0x00, 0x00, 0x01,
  0x18, 0x00, 0x00, 0x00, 0x30, 0x00, 0x00, 0x00, 0x50, 0x00, 0x00, 0x00,
  0x01, 0x00, 0x00, 0x00, 0x00, 0x00, 0x00, 0x09, 0x64, 0x00, 0x00, 0x00,
  0x03, 0x00, 0x00, 0x00, 0xff, 0xff, 0xff, 0xff, 0x64, 0x00, 0x00, 0x00,
  0x06, 0x00, 0x00, 0x00, 0x0c, 0x00, 0x0c, 0x00, 0x00, 0x00, 0x00, 0x00,
  0x08, 0x00, 0x04, 0x00, 0x0c, 0x00, 0x00, 0x00, 0x08, 0x00, 0x00, 0x00,
  0x14, 0x00, 0x00, 0x00, 0x01, 0x00, 0x00, 0x00, 0xfc, 0xff, 0xff, 0xff,
  0xff, 0xff, 0xff, 0xff, 0x00, 0x00, 0x00, 0x00, 0x01, 0x00, 0x00, 0x00,
  0x13, 0x83, 0x6e, 0x3d, 0x18, 0x00, 0x00, 0x00, 0x73, 0x65, 0x72, 0x76,
  0x69, 0x6e, 0x67, 0x5f, 0x64, 0x65, 0x66, 0x61, 0x75, 0x6c, 0x74, 0x5f,
  0x77, 0x69, 0x6e, 0x64, 0x6f, 0x77, 0x3a, 0x30, 0x00, 0x00, 0x00, 0x00,
  0x03, 0x00, 0x00, 0x00, 0x01, 0x00, 0x00, 0x00, 0x64, 0x00, 0x00, 0x00,
  0x06, 0x00, 0x00, 0x00, 0x08, 0x00, 0x00, 0x00, 0xa4, 0x00, 0x00, 0x00,
  0x84, 0x00, 0x00, 0x00, 0x68, 0x00, 0x00, 0x00, 0x54, 0x00, 0x00, 0x00,
  0x40, 0x00, 0x00, 0x00, 0x2c, 0x00, 0x00, 0x00, 0x18, 0x00, 0x00, 0x00,
  0x04, 0x00, 0x00, 0x00, 0xa4, 0xff, 0xff, 0xff, 0x19, 0x00, 0x00, 0x00,
  0x02, 0x00, 0x00, 0x00, 0x00, 0x00, 0x00, 0x19, 0xb4, 0xff, 0xff, 0xff,
  0x09, 0x00, 0x00, 0x00, 0x04, 0x00, 0x00, 0x00, 0x00, 0x00, 0x00, 0x09,
  0xc4, 0xff, 0xff, 0xff, 0x28, 0x00, 0x00, 0x00, 0x02, 0x00, 0x00, 0x00,
  0x00, 0x00, 0x00, 0x28, 0xd4, 0xff, 0xff, 0xff, 0x11, 0x00, 0x00, 0x00,
  0x02, 0x00, 0x00, 0x00, 0x00, 0x00, 0x00, 0x11, 0xe4, 0xff, 0xff, 0xff,
  0x04, 0x00, 0x00, 0x00, 0x03, 0x00, 0x00, 0x00, 0x00, 0x00, 0x00, 0x04,
  0xd8, 0xff, 0xff, 0xff, 0x16, 0x00, 0x00, 0x00, 0x00, 0x00, 0x00, 0x16,
  0x0c, 0x00, 0x10, 0x00, 0x0f, 0x00, 0x00, 0x00, 0x08, 0x00, 0x04, 0x00,
  0x0c, 0x00, 0x00, 0x00, 0x03, 0x00, 0x00, 0x00, 0x03, 0x00, 0x00, 0x00,
  0x00, 0x00, 0x00, 0x03, 0x0c, 0x00, 0x0c, 0x00, 0x0b, 0x00, 0x00, 0x00,
  0x00, 0x00, 0x04, 0x00, 0x0c, 0x00, 0x00, 0x00, 0x46, 0x00, 0x00, 0x00,
  0x00, 0x00, 0x00, 0x46,
};
const unsigned int g_model_len = 23080;
